[{
  "name": "在线电影",
  "id": "XT",
  "url": "https://www.zaixiandianying8.com",
  "search_url": "https://www.zaixiandianying8.com",
  "pic_url": "",
  "search_href": "https://www.zaixiandianying8.com/vodsearch/-------------.html?wd=searchKey&submit=",
  "search_range": "myui-vodlist__media clearfix([\\s\\S]*?)</ul>",
  "search_list_name": "lazyload\" href=\".*?\" title=\"([\\s\\S]*?)\" data-original=\".*?\"",
  "search_list_href": "lazyload\" href=\"([\\s\\S]*?)\" title=\".*?\" data-original=\".*?\"",
  "search_list_src": "lazyload\" href=\".*?\" title=\".*?\" data-original=\"([\\s\\S]*?)\"",
  "search_list_state": "<span class=\"pic-text text-right\">([\\s\\S]*?)</span>",
  "play_range": "myui-content__detail([\\s\\S]*?)猜你喜欢",
  "play_state": "<span class=\"text-red\">([\\s\\S]*?)</span>",
  "name_tag_list": "播放地址([\\s\\S]*?)</ul>",
  "name_tag": "data-toggle=\"tab\">([\\s\\S]*?)</a>",
  "play_list": "<ul class=\"myui-content__list([\\s\\S]*?)</ul>",
  "play_list_name": "<a class=\"btn btn-default\" href=\".*?\">([\\s\\S]*?)</a>",
  "play_list_href": "<a class=\"btn btn-default\" href=\"([\\s\\S]*?)\">.*?</a>",
  "exceptstring":"",
  "isActive":true
},
{
  "name": "寒枫视频",
  "id": "APP",
  "search_url": "https://vip.shenyunwl.cn/mogai_api.php/v1.vod/detail?vod_id=",
  "url": "https://vip.shenyunwl.cn/mogai_api.php/v1.vod",
  "pic_url": "",
  "search_href": "https://vip.shenyunwl.cn/mogai_api.php/v1.vod?wd=searchKey",
  "search_range": "data.list",
  "search_list_name": "vod_name",
  "search_list_href": "vod_id",
  "search_list_src": "vod_pic",
  "search_list_state": "vod_remarks",
  "play_range": "data.vod_play_list",
  "play_state": "data.vod_remarks",
  "name_tag": "from",
  "play_list": "url",
  "play_api": "player_info.parse",
  "play_api2": "player_info.parse2",
  "extra_api": "http://1.117.152.239:39000/?url=",
  "exceptstring": "muxm3u8",
  "isActive": true,
  "isClass": true,
  "class_href": "https://vip.shenyunwl.cn/mogai_api.php/v1.vod?type=FIRST&by=SECOND&limit=18&page=PAGE",
  "class_first": "电视剧***2&&&电影***1&&&动漫***4&&&综艺***3",
  "class_second": "最新***time&&&人气***hits&&&评分***score",
  "class_range": "data.list",
  "class_list_name": "vod_name",
  "class_list_href": "vod_id",
  "class_list_src": "vod_pic",
  "class_list_state": "vod_remarks"
},
{
  "name": "黄河影视",
  "id": "APP",
  "search_url": "http://i.ledu8.cn/api.php/v1.vod/detail?vod_id=",
  "url": "http://i.ledu8.cn/api.php/v1.vod",
  "pic_url": "",
  "search_href": "http://i.ledu8.cn/api.php/v1.vod?wd=searchKey",
  "search_range": "data.list",
  "search_list_name": "vod_name",
  "search_list_href": "vod_id",
  "search_list_src": "vod_pic",
  "search_list_state": "vod_remarks",
  "play_range": "data.vod_play_list",
  "play_state": "data.vod_remarks",
  "name_tag": "from",
  "play_list": "url",
  "play_api": "player_info.parse",
  "play_api2": "player_info.parse2",
  "extra_api": "http://1.117.152.239:39000/?url=",
  "exceptstring": "muxm3u8",
  "isActive": true,
  "isClass": true,
  "class_href": "http://i.ledu8.cn/api.php/v1.vod?type=FIRST&by=SECOND&limit=18&page=PAGE",
  "class_first": "电视剧***2&&&电影***1&&&动漫***4&&&综艺***3",
  "class_second": "最新***time&&&人气***hits&&&评分***score",
  "class_range": "data.list",
  "class_list_name": "vod_name",
  "class_list_href": "vod_id",
  "class_list_src": "vod_pic",
  "class_list_state": "vod_remarks"
},
{
  "name": "筋斗云影视",
  "id": "APP",
  "search_url": "https://tv.jindcloud.com/api.php/v1.vod/detail?vod_id=",
  "url": "https://tv.jindcloud.com/api.php/v1.vod",
  "pic_url": "",
  "search_href": "https://tv.jindcloud.com/api.php/v1.vod?wd=searchKey",
  "search_range": "data.list",
  "search_list_name": "vod_name",
  "search_list_href": "vod_id",
  "search_list_src": "vod_pic",
  "search_list_state": "vod_remarks",
  "play_range": "data.vod_play_list",
  "play_state": "data.vod_remarks",
  "name_tag": "from",
  "play_list": "url",
  "play_api": "player_info.parse",
  "play_api2": "player_info.parse2",
  "extra_api": "http://1.117.152.239:39000/?url=",
  "exceptstring": "muxm3u8",
  "isActive": true,
  "isClass": true,
  "class_href": "https://tv.jindcloud.com/api.php/v1.vod?type=FIRST&by=SECOND&limit=18&page=PAGE",
  "class_first": "电视剧***2&&&电影***1&&&动漫***4&&&综艺***3",
  "class_second": "最新***time&&&人气***hits&&&评分***score",
  "class_range": "data.list",
  "class_list_name": "vod_name",
  "class_list_href": "vod_id",
  "class_list_src": "vod_pic",
  "class_list_state": "vod_remarks"
},
{
  "name": "极酷影视",
  "id": "APP",
  "search_url": "https://jiku.vip/mogai_api.php/v1.vod/detail?vod_id=",
  "url": "https://jiku.vip/mogai_api.php/v1.vod",
  "pic_url": "",
  "search_href": "https://jiku.vip/mogai_api.php/v1.vod?wd=searchKey",
  "search_range": "data.list",
  "search_list_name": "vod_name",
  "search_list_href": "vod_id",
  "search_list_src": "vod_pic",
  "search_list_state": "vod_remarks",
  "play_range": "data.vod_play_list",
  "play_state": "data.vod_remarks",
  "name_tag": "from",
  "play_list": "url",
  "play_api": "player_info.parse",
  "play_api2": "player_info.parse2",
  "extra_api": "http://1.117.152.239:39000/?url=",
  "exceptstring": "muxm3u8",
  "isActive": true,
  "isClass": true,
  "class_href": "https://jiku.vip/mogai_api.php/v1.vod?type=FIRST&by=SECOND&limit=18&page=PAGE",
  "class_first": "电视剧***2&&&电影***1&&&动漫***4&&&综艺***3",
  "class_second": "最新***time&&&人气***hits&&&评分***score",
  "class_range": "data.list",
  "class_list_name": "vod_name",
  "class_list_href": "vod_id",
  "class_list_src": "vod_pic",
  "class_list_state": "vod_remarks"
},
{
  "name": "玖肆资源",
  "id": "APP",
  "search_url": "http://android.jiusi.vip/mogai_api.php/v1.vod/detail?vod_id=",
  "url": "http://android.jiusi.vip/mogai_api.php/v1.vod",
  "pic_url": "",
  "search_href": "http://android.jiusi.vip/mogai_api.php/v1.vod?wd=searchKey",
  "search_range": "data.list",
  "search_list_name": "vod_name",
  "search_list_href": "vod_id",
  "search_list_src": "vod_pic",
  "search_list_state": "vod_remarks",
  "play_range": "data.vod_play_list",
  "play_state": "data.vod_remarks",
  "name_tag": "from",
  "play_list": "url",
  "play_api": "player_info.parse",
  "play_api2": "player_info.parse2",
  "extra_api": "http://1.117.152.239:39000/?url=",
  "exceptstring": "muxm3u8",
  "isActive": true,
  "isClass": true,
  "class_href": "http://android.jiusi.vip/mogai_api.php/v1.vod?type=FIRST&by=SECOND&limit=18&page=PAGE",
  "class_first": "电视剧***2&&&电影***1&&&动漫***4&&&综艺***3",
  "class_second": "最新***time&&&人气***hits&&&评分***score",
  "class_range": "data.list",
  "class_list_name": "vod_name",
  "class_list_href": "vod_id",
  "class_list_src": "vod_pic",
  "class_list_state": "vod_remarks"
},
{
  "name": "橘子影视",
  "id": "APP",
  "search_url": "http://jz.juzidy.vip/mogai_api.php/v1.vod/detail?vod_id=",
  "url": "http://jz.juzidy.vip/mogai_api.php/v1.vod",
  "pic_url": "",
  "search_href": "http://jz.juzidy.vip/mogai_api.php/v1.vod?wd=searchKey",
  "search_range": "data.list",
  "search_list_name": "vod_name",
  "search_list_href": "vod_id",
  "search_list_src": "vod_pic",
  "search_list_state": "vod_remarks",
  "play_range": "data.vod_play_list",
  "play_state": "data.vod_remarks",
  "name_tag": "from",
  "play_list": "url",
  "play_api": "player_info.parse",
  "play_api2": "player_info.parse2",
  "extra_api": "http://1.117.152.239:39000/?url=",
  "exceptstring": "muxm3u8",
  "isActive": true,
  "isClass": true,
  "class_href": "http://jz.juzidy.vip/mogai_api.php/v1.vod?type=FIRST&by=SECOND&limit=18&page=PAGE",
  "class_first": "电视剧***2&&&电影***1&&&动漫***4&&&综艺***3",
  "class_second": "最新***time&&&人气***hits&&&评分***score",
  "class_range": "data.list",
  "class_list_name": "vod_name",
  "class_list_href": "vod_id",
  "class_list_src": "vod_pic",
  "class_list_state": "vod_remarks"
},
{
  "name": "看剧吧",
  "id": "APP",
  "search_url": "http://app.ishen520.com/api.php/v1.vod/detail?vod_id=",
  "url": "http://app.ishen520.com/api.php/v1.vod",
  "pic_url": "",
  "search_href": "http://app.ishen520.com/api.php/v1.vod?wd=searchKey",
  "search_range": "data.list",
  "search_list_name": "vod_name",
  "search_list_href": "vod_id",
  "search_list_src": "vod_pic",
  "search_list_state": "vod_remarks",
  "play_range": "data.vod_play_list",
  "play_state": "data.vod_remarks",
  "name_tag": "from",
  "play_list": "url",
  "play_api": "player_info.parse",
  "play_api2": "player_info.parse2",
  "extra_api": "http://1.117.152.239:39000/?url=",
  "exceptstring": "muxm3u8",
  "isActive": true,
  "isClass": true,
  "class_href": "http://app.ishen520.com/api.php/v1.vod?type=FIRST&by=SECOND&limit=18&page=PAGE",
  "class_first": "电视剧***2&&&电影***1&&&动漫***4&&&综艺***3",
  "class_second": "最新***time&&&人气***hits&&&评分***score",
  "class_range": "data.list",
  "class_list_name": "vod_name",
  "class_list_href": "vod_id",
  "class_list_src": "vod_pic",
  "class_list_state": "vod_remarks"
},
{
  "name": "看看视频",
  "id": "APP",
  "search_url": "http://888.ccboke.top/ruifenglb_api.php/v1.vod/detail?vod_id=",
  "url": "http://888.ccboke.top/ruifenglb_api.php/v1.vod",
  "pic_url": "",
  "search_href": "http://888.ccboke.top/ruifenglb_api.php/v1.vod?wd=searchKey",
  "search_range": "data.list",
  "search_list_name": "vod_name",
  "search_list_href": "vod_id",
  "search_list_src": "vod_pic",
  "search_list_state": "vod_remarks",
  "play_range": "data.vod_play_list",
  "play_state": "data.vod_remarks",
  "name_tag": "from",
  "play_list": "url",
  "play_api": "player_info.parse",
  "play_api2": "player_info.parse2",
  "extra_api": "http://1.117.152.239:39000/?url=",
  "exceptstring": "muxm3u8",
  "isActive": true,
  "isClass": true,
  "class_href": "http://888.ccboke.top/ruifenglb_api.php/v1.vod?type=FIRST&by=SECOND&limit=18&page=PAGE",
  "class_first": "电视剧***2&&&电影***1&&&动漫***4&&&综艺***3",
  "class_second": "最新***time&&&人气***hits&&&评分***score",
  "class_range": "data.list",
  "class_list_name": "vod_name",
  "class_list_href": "vod_id",
  "class_list_src": "vod_pic",
  "class_list_state": "vod_remarks"
},
{
  "name": "冷视TV",
  "id": "APP",
  "search_url": "https://len.tv/api.php/v1.vod/detail?vod_id=",
  "url": "https://len.tv/api.php/v1.vod",
  "pic_url": "",
  "search_href": "https://len.tv/api.php/v1.vod?wd=searchKey",
  "search_range": "data.list",
  "search_list_name": "vod_name",
  "search_list_href": "vod_id",
  "search_list_src": "vod_pic",
  "search_list_state": "vod_remarks",
  "play_range": "data.vod_play_list",
  "play_state": "data.vod_remarks",
  "name_tag": "from",
  "play_list": "url",
  "play_api": "player_info.parse",
  "play_api2": "player_info.parse2",
  "extra_api": "http://1.117.152.239:39000/?url=",
  "exceptstring": "muxm3u8",
  "isActive": true,
  "isClass": true,
  "class_href": "https://len.tv/api.php/v1.vod?type=FIRST&by=SECOND&limit=18&page=PAGE",
  "class_first": "电视剧***2&&&电影***1&&&动漫***4&&&综艺***3",
  "class_second": "最新***time&&&人气***hits&&&评分***score",
  "class_range": "data.list",
  "class_list_name": "vod_name",
  "class_list_href": "vod_id",
  "class_list_src": "vod_pic",
  "class_list_state": "vod_remarks"
},
{
  "name": "流星影院",
  "id": "APP",
  "search_url": "http://app.216bk.xyz/api.php/v1.vod/detail?vod_id=",
  "url": "http://app.216bk.xyz/api.php/v1.vod",
  "pic_url": "",
  "search_href": "http://app.216bk.xyz/api.php/v1.vod?wd=searchKey",
  "search_range": "data.list",
  "search_list_name": "vod_name",
  "search_list_href": "vod_id",
  "search_list_src": "vod_pic",
  "search_list_state": "vod_remarks",
  "play_range": "data.vod_play_list",
  "play_state": "data.vod_remarks",
  "name_tag": "from",
  "play_list": "url",
  "play_api": "player_info.parse",
  "play_api2": "player_info.parse2",
  "extra_api": "http://1.117.152.239:39000/?url=",
  "exceptstring": "muxm3u8",
  "isActive": true,
  "isClass": true,
  "class_href": "http://app.216bk.xyz/api.php/v1.vod?type=FIRST&by=SECOND&limit=18&page=PAGE",
  "class_first": "电视剧***2&&&电影***1&&&动漫***4&&&综艺***3",
  "class_second": "最新***time&&&人气***hits&&&评分***score",
  "class_range": "data.list",
  "class_list_name": "vod_name",
  "class_list_href": "vod_id",
  "class_list_src": "vod_pic",
  "class_list_state": "vod_remarks"
},
{
  "name": "乐云影视",
  "id": "APP",
  "search_url": "https://www.leyun.tv/api.php/v1.vod/detail?vod_id=",
  "url": "https://www.leyun.tv/api.php/v1.vod",
  "pic_url": "",
  "search_href": "https://www.leyun.tv/api.php/v1.vod?wd=searchKey",
  "search_range": "data.list",
  "search_list_name": "vod_name",
  "search_list_href": "vod_id",
  "search_list_src": "vod_pic",
  "search_list_state": "vod_remarks",
  "play_range": "data.vod_play_list",
  "play_state": "data.vod_remarks",
  "name_tag": "from",
  "play_list": "url",
  "play_api": "player_info.parse",
  "play_api2": "player_info.parse2",
  "extra_api": "http://1.117.152.239:39000/?url=",
  "exceptstring": "muxm3u8",
  "isActive": true,
  "isClass": true,
  "class_href": "https://www.leyun.tv/api.php/v1.vod?type=FIRST&by=SECOND&limit=18&page=PAGE",
  "class_first": "电视剧***2&&&电影***1&&&动漫***4&&&综艺***3",
  "class_second": "最新***time&&&人气***hits&&&评分***score",
  "class_range": "data.list",
  "class_list_name": "vod_name",
  "class_list_href": "vod_id",
  "class_list_src": "vod_pic",
  "class_list_state": "vod_remarks"
},
{
  "name": "蒲公英视频",
  "id": "APP",
  "search_url": "http://www.pgy1.top/ruifenglb_api.php/v1.vod/detail?vod_id=",
  "url": "http://www.pgy1.top/ruifenglb_api.php/v1.vod",
  "pic_url": "",
  "search_href": "http://www.pgy1.top/ruifenglb_api.php/v1.vod?wd=searchKey",
  "search_range": "data.list",
  "search_list_name": "vod_name",
  "search_list_href": "vod_id",
  "search_list_src": "vod_pic",
  "search_list_state": "vod_remarks",
  "play_range": "data.vod_play_list",
  "play_state": "data.vod_remarks",
  "name_tag": "from",
  "play_list": "url",
  "play_api": "player_info.parse",
  "play_api2": "player_info.parse2",
  "extra_api": "http://1.117.152.239:39000/?url=",
  "exceptstring": "muxm3u8",
  "isActive": true,
  "isClass": true,
  "class_href": "http://www.pgy1.top/ruifenglb_api.php/v1.vod?type=FIRST&by=SECOND&limit=18&page=PAGE",
  "class_first": "电视剧***2&&&电影***1&&&动漫***4&&&综艺***3",
  "class_second": "最新***time&&&人气***hits&&&评分***score",
  "class_range": "data.list",
  "class_list_name": "vod_name",
  "class_list_href": "vod_id",
  "class_list_src": "vod_pic",
  "class_list_state": "vod_remarks"
},
{
  "name": "三日影院",
  "id": "APP",
  "search_url": "https://www.3ri.net/api.php/v1.vod/detail?vod_id=",
  "url": "https://www.3ri.net/api.php/v1.vod",
  "pic_url": "",
  "search_href": "https://www.3ri.net/api.php/v1.vod?wd=searchKey",
  "search_range": "data.list",
  "search_list_name": "vod_name",
  "search_list_href": "vod_id",
  "search_list_src": "vod_pic",
  "search_list_state": "vod_remarks",
  "play_range": "data.vod_play_list",
  "play_state": "data.vod_remarks",
  "name_tag": "from",
  "play_list": "url",
  "play_api": "player_info.parse",
  "play_api2": "player_info.parse2",
  "extra_api": "http://1.117.152.239:39000/?url=",
  "exceptstring": "muxm3u8",
  "isActive": true,
  "isClass": true,
  "class_href": "https://www.3ri.net/api.php/v1.vod?type=FIRST&by=SECOND&limit=18&page=PAGE",
  "class_first": "电视剧***2&&&电影***1&&&动漫***4&&&综艺***3",
  "class_second": "最新***time&&&人气***hits&&&评分***score",
  "class_range": "data.list",
  "class_list_name": "vod_name",
  "class_list_href": "vod_id",
  "class_list_src": "vod_pic",
  "class_list_state": "vod_remarks"
},
{
  "name": "淘剧社",
  "id": "APP",
  "search_url": "https://app.shuhai99.com/api.php/v1.vod/detail?vod_id=",
  "url": "https://app.shuhai99.com/api.php/v1.vod",
  "pic_url": "",
  "search_href": "https://app.shuhai99.com/api.php/v1.vod?wd=searchKey",
  "search_range": "data.list",
  "search_list_name": "vod_name",
  "search_list_href": "vod_id",
  "search_list_src": "vod_pic",
  "search_list_state": "vod_remarks",
  "play_range": "data.vod_play_list",
  "play_state": "data.vod_remarks",
  "name_tag": "from",
  "play_list": "url",
  "play_api": "player_info.parse",
  "play_api2": "player_info.parse2",
  "extra_api": "http://1.117.152.239:39000/?url=",
  "exceptstring": "muxm3u8",
  "isActive": true,
  "isClass": true,
  "class_href": "https://app.shuhai99.com/api.php/v1.vod?type=FIRST&by=SECOND&limit=18&page=PAGE",
  "class_first": "电视剧***2&&&电影***1&&&动漫***4&&&综艺***3",
  "class_second": "最新***time&&&人气***hits&&&评分***score",
  "class_range": "data.list",
  "class_list_name": "vod_name",
  "class_list_href": "vod_id",
  "class_list_src": "vod_pic",
  "class_list_state": "vod_remarks"
},
{
  "name": "天天视频",
  "id": "APP",
  "search_url": "http://app.qianju.cc/api.php/v1.vod/detail?vod_id=",
  "url": "http://app.qianju.cc/api.php/v1.vod",
  "pic_url": "",
  "search_href": "http://app.qianju.cc/api.php/v1.vod?wd=searchKey",
  "search_range": "data.list",
  "search_list_name": "vod_name",
  "search_list_href": "vod_id",
  "search_list_src": "vod_pic",
  "search_list_state": "vod_remarks",
  "play_range": "data.vod_play_list",
  "play_state": "data.vod_remarks",
  "name_tag": "from",
  "play_list": "url",
  "play_api": "player_info.parse",
  "play_api2": "player_info.parse2",
  "extra_api": "http://1.117.152.239:39000/?url=",
  "exceptstring": "muxm3u8",
  "isActive": true,
  "isClass": true,
  "class_href": "http://app.qianju.cc/api.php/v1.vod?type=FIRST&by=SECOND&limit=18&page=PAGE",
  "class_first": "电视剧***2&&&电影***1&&&动漫***4&&&综艺***3",
  "class_second": "最新***time&&&人气***hits&&&评分***score",
  "class_range": "data.list",
  "class_list_name": "vod_name",
  "class_list_href": "vod_id",
  "class_list_src": "vod_pic",
  "class_list_state": "vod_remarks"
},
{
  "name": "兔子窝",
  "id": "APP",
  "search_url": "http://cj.huimaojia.com:12345/mogai_api.php/v1.vod/detail?vod_id=",
  "url": "http://cj.huimaojia.com:12345/mogai_api.php/v1.vod",
  "pic_url": "",
  "search_href": "http://cj.huimaojia.com:12345/mogai_api.php/v1.vod?wd=searchKey",
  "search_range": "data.list",
  "search_list_name": "vod_name",
  "search_list_href": "vod_id",
  "search_list_src": "vod_pic",
  "search_list_state": "vod_remarks",
  "play_range": "data.vod_play_list",
  "play_state": "data.vod_remarks",
  "name_tag": "from",
  "play_list": "url",
  "play_api": "player_info.parse",
  "play_api2": "player_info.parse2",
  "extra_api": "http://1.117.152.239:39000/?url=",
  "exceptstring": "muxm3u8",
  "isActive": true,
  "isClass": true,
  "class_href": "http://cj.huimaojia.com:12345/mogai_api.php/v1.vod?type=FIRST&by=SECOND&limit=18&page=PAGE",
  "class_first": "电视剧***2&&&电影***1&&&动漫***4&&&综艺***3",
  "class_second": "最新***time&&&人气***hits&&&评分***score",
  "class_range": "data.list",
  "class_list_name": "vod_name",
  "class_list_href": "vod_id",
  "class_list_src": "vod_pic",
  "class_list_state": "vod_remarks"
},
{
  "name": "我爱跟剧",
  "id": "APP",
  "search_url": "https://www.genmov.com/mogai_api.php/v1.vod/detail?vod_id=",
  "url": "https://www.genmov.com/mogai_api.php/v1.vod",
  "pic_url": "",
  "search_href": "https://www.genmov.com/mogai_api.php/v1.vod?wd=searchKey",
  "search_range": "data.list",
  "search_list_name": "vod_name",
  "search_list_href": "vod_id",
  "search_list_src": "vod_pic",
  "search_list_state": "vod_remarks",
  "play_range": "data.vod_play_list",
  "play_state": "data.vod_remarks",
  "name_tag": "from",
  "play_list": "url",
  "play_api": "player_info.parse",
  "play_api2": "player_info.parse2",
  "extra_api": "http://1.117.152.239:39000/?url=",
  "exceptstring": "muxm3u8",
  "isActive": true,
  "isClass": true,
  "class_href": "https://www.genmov.com/mogai_api.php/v1.vod?type=FIRST&by=SECOND&limit=18&page=PAGE",
  "class_first": "电视剧***2&&&电影***1&&&动漫***4&&&综艺***3",
  "class_second": "最新***time&&&人气***hits&&&评分***score",
  "class_range": "data.list",
  "class_list_name": "vod_name",
  "class_list_href": "vod_id",
  "class_list_src": "vod_pic",
  "class_list_state": "vod_remarks"
},
{
  "name": "蜗牛动漫",
  "id": "APP",
  "search_url": "http://woniudm.woniu.cyou:20000/mogai_api.php/v1.vod/detail?vod_id=",
  "url": "http://woniudm.woniu.cyou:20000/mogai_api.php/v1.vod",
  "pic_url": "",
  "search_href": "http://woniudm.woniu.cyou:20000/mogai_api.php/v1.vod?wd=searchKey",
  "search_range": "data.list",
  "search_list_name": "vod_name",
  "search_list_href": "vod_id",
  "search_list_src": "vod_pic",
  "search_list_state": "vod_remarks",
  "play_range": "data.vod_play_list",
  "play_state": "data.vod_remarks",
  "name_tag": "from",
  "play_list": "url",
  "play_api": "player_info.parse",
  "play_api2": "player_info.parse2",
  "extra_api": "http://1.117.152.239:39000/?url=",
  "exceptstring": "muxm3u8",
  "isActive": true,
  "isClass": true,
  "class_href": "http://woniudm.woniu.cyou:20000/mogai_api.php/v1.vod?type=FIRST&by=SECOND&limit=18&page=PAGE",
  "class_first": "电视剧***2&&&电影***1&&&动漫***4&&&综艺***3",
  "class_second": "最新***time&&&人气***hits&&&评分***score",
  "class_range": "data.list",
  "class_list_name": "vod_name",
  "class_list_href": "vod_id",
  "class_list_src": "vod_pic",
  "class_list_state": "vod_remarks"
},
{
  "name": "万能影院",
  "id": "APP",
  "search_url": "http://app.wnvod.net/lvdou_api.php/v1.vod/detail?vod_id=",
  "url": "http://app.wnvod.net/lvdou_api.php/v1.vod",
  "pic_url": "",
  "search_href": "http://app.wnvod.net/lvdou_api.php/v1.vod?wd=searchKey",
  "search_range": "data.list",
  "search_list_name": "vod_name",
  "search_list_href": "vod_id",
  "search_list_src": "vod_pic",
  "search_list_state": "vod_remarks",
  "play_range": "data.vod_play_list",
  "play_state": "data.vod_remarks",
  "name_tag": "from",
  "play_list": "url",
  "play_api": "player_info.parse",
  "play_api2": "player_info.parse2",
  "extra_api": "http://1.117.152.239:39000/?url=",
  "exceptstring": "muxm3u8",
  "isActive": true,
  "isClass": true,
  "class_href": "http://app.wnvod.net/lvdou_api.php/v1.vod?type=FIRST&by=SECOND&limit=18&page=PAGE",
  "class_first": "电视剧***2&&&电影***1&&&动漫***4&&&综艺***3",
  "class_second": "最新***time&&&人气***hits&&&评分***score",
  "class_range": "data.list",
  "class_list_name": "vod_name",
  "class_list_href": "vod_id",
  "class_list_src": "vod_pic",
  "class_list_state": "vod_remarks"
},
{
  "name": "小白动漫",
  "id": "APP",
  "search_url": "http://121.62.60.222:13579/xiaobai_api.php/v1.vod/detail?vod_id=",
  "url": "http://121.62.60.222:13579/xiaobai_api.php/v1.vod",
  "pic_url": "",
  "search_href": "http://121.62.60.222:13579/xiaobai_api.php/v1.vod?wd=searchKey",
  "search_range": "data.list",
  "search_list_name": "vod_name",
  "search_list_href": "vod_id",
  "search_list_src": "vod_pic",
  "search_list_state": "vod_remarks",
  "play_range": "data.vod_play_list",
  "play_state": "data.vod_remarks",
  "name_tag": "from",
  "play_list": "url",
  "play_api": "player_info.parse",
  "play_api2": "player_info.parse2",
  "extra_api": "http://1.117.152.239:39000/?url=",
  "exceptstring": "muxm3u8",
  "isActive": true,
  "isClass": true,
  "class_href": "http://121.62.60.222:13579/xiaobai_api.php/v1.vod?type=FIRST&by=SECOND&limit=18&page=PAGE",
  "class_first": "电视剧***2&&&电影***1&&&动漫***4&&&综艺***3",
  "class_second": "最新***time&&&人气***hits&&&评分***score",
  "class_range": "data.list",
  "class_list_name": "vod_name",
  "class_list_href": "vod_id",
  "class_list_src": "vod_pic",
  "class_list_state": "vod_remarks"
},
{
  "name": "熊猫动漫",
  "id": "APP",
  "search_url": "http://dongman.k8aa.com/mogai_api.php/v1.vod/detail?vod_id=",
  "url": "http://dongman.k8aa.com/mogai_api.php/v1.vod",
  "pic_url": "",
  "search_href": "http://dongman.k8aa.com/mogai_api.php/v1.vod?wd=searchKey",
  "search_range": "data.list",
  "search_list_name": "vod_name",
  "search_list_href": "vod_id",
  "search_list_src": "vod_pic",
  "search_list_state": "vod_remarks",
  "play_range": "data.vod_play_list",
  "play_state": "data.vod_remarks",
  "name_tag": "from",
  "play_list": "url",
  "play_api": "player_info.parse",
  "play_api2": "player_info.parse2",
  "extra_api": "http://1.117.152.239:39000/?url=",
  "exceptstring": "muxm3u8",
  "isActive": true,
  "isClass": true,
  "class_href": "http://dongman.k8aa.com/mogai_api.php/v1.vod?type=FIRST&by=SECOND&limit=18&page=PAGE",
  "class_first": "电视剧***2&&&电影***1&&&动漫***4&&&综艺***3",
  "class_second": "最新***time&&&人气***hits&&&评分***score",
  "class_range": "data.list",
  "class_list_name": "vod_name",
  "class_list_href": "vod_id",
  "class_list_src": "vod_pic",
  "class_list_state": "vod_remarks"
},
{
  "name": "熊猫视频",
  "id": "APP",
  "search_url": "http://anegh.com/lvdou_api.php/v1.vod/detail?vod_id=",
  "url": "http://anegh.com/lvdou_api.php/v1.vod",
  "pic_url": "",
  "search_href": "http://anegh.com/lvdou_api.php/v1.vod?wd=searchKey",
  "search_range": "data.list",
  "search_list_name": "vod_name",
  "search_list_href": "vod_id",
  "search_list_src": "vod_pic",
  "search_list_state": "vod_remarks",
  "play_range": "data.vod_play_list",
  "play_state": "data.vod_remarks",
  "name_tag": "from",
  "play_list": "url",
  "play_api": "player_info.parse",
  "play_api2": "player_info.parse2",
  "extra_api": "http://1.117.152.239:39000/?url=",
  "exceptstring": "muxm3u8",
  "isActive": true,
  "isClass": true,
  "class_href": "http://anegh.com/lvdou_api.php/v1.vod?type=FIRST&by=SECOND&limit=18&page=PAGE",
  "class_first": "电视剧***2&&&电影***1&&&动漫***4&&&综艺***3",
  "class_second": "最新***time&&&人气***hits&&&评分***score",
  "class_range": "data.list",
  "class_list_name": "vod_name",
  "class_list_href": "vod_id",
  "class_list_src": "vod_pic",
  "class_list_state": "vod_remarks"
},
{
  "name": "小鸟动漫",
  "id": "APP",
  "search_url": "http://xydm.baicai.buzz/mogai_api.php/v1.vod/detail?vod_id=",
  "url": "http://xydm.baicai.buzz/mogai_api.php/v1.vod",
  "pic_url": "",
  "search_href": "http://xydm.baicai.buzz/mogai_api.php/v1.vod?wd=searchKey",
  "search_range": "data.list",
  "search_list_name": "vod_name",
  "search_list_href": "vod_id",
  "search_list_src": "vod_pic",
  "search_list_state": "vod_remarks",
  "play_range": "data.vod_play_list",
  "play_state": "data.vod_remarks",
  "name_tag": "from",
  "play_list": "url",
  "play_api": "player_info.parse",
  "play_api2": "player_info.parse2",
  "extra_api": "http://1.117.152.239:39000/?url=",
  "exceptstring": "muxm3u8",
  "isActive": true,
  "isClass": true,
  "class_href": "http://xydm.baicai.buzz/mogai_api.php/v1.vod?type=FIRST&by=SECOND&limit=18&page=PAGE",
  "class_first": "电视剧***2&&&电影***1&&&动漫***4&&&综艺***3",
  "class_second": "最新***time&&&人气***hits&&&评分***score",
  "class_range": "data.list",
  "class_list_name": "vod_name",
  "class_list_href": "vod_id",
  "class_list_src": "vod_pic",
  "class_list_state": "vod_remarks"
},
{
  "name": "奈非迷",
  "id": "APP",
  "search_url": "https://app.netflixmi.com/api.php/v1.vod/detail?vod_id=",
  "url": "https://app.netflixmi.com/api.php/v1.vod",
  "pic_url": "",
  "search_href": "https://app.netflixmi.com/api.php/v1.vod?wd=searchKey",
  "search_range": "data.list",
  "search_list_name": "vod_name",
  "search_list_href": "vod_id",
  "search_list_src": "vod_pic",
  "search_list_state": "vod_remarks",
  "play_range": "data.vod_play_list",
  "play_state": "data.vod_remarks",
  "name_tag": "from",
  "play_list": "url",
  "play_api": "player_info.parse",
  "play_api2": "player_info.parse2",
  "extra_api": "http://1.117.152.239:39000/?url=",
  "exceptstring": "muxm3u8",
  "isActive": true,
  "isClass": true,
  "class_href": "https://app.netflixmi.com/api.php/v1.vod?type=FIRST&by=SECOND&limit=18&page=PAGE",
  "class_first": "电视剧***2&&&电影***1&&&动漫***4&&&综艺***3",
  "class_second": "最新***time&&&人气***hits&&&评分***score",
  "class_range": "data.list",
  "class_list_name": "vod_name",
  "class_list_href": "vod_id",
  "class_list_src": "vod_pic",
  "class_list_state": "vod_remarks"
},
{
  "name": "青视频",
  "id": "APP",
  "search_url": "http://150.158.133.36:9904/qingdoujiekou.php/v1.vod/detail?vod_id=",
  "url": "http://150.158.133.36:9904/qingdoujiekou.php/v1.vod",
  "pic_url": "",
  "search_href": "http://150.158.133.36:9904/qingdoujiekou.php/v1.vod?wd=searchKey",
  "search_range": "data.list",
  "search_list_name": "vod_name",
  "search_list_href": "vod_id",
  "search_list_src": "vod_pic",
  "search_list_state": "vod_remarks",
  "play_range": "data.vod_play_list",
  "play_state": "data.vod_remarks",
  "name_tag": "from",
  "play_list": "url",
  "play_api": "player_info.parse",
  "play_api2": "player_info.parse2",
  "extra_api": "http://1.117.152.239:39000/?url=",
  "exceptstring": "muxm3u8",
  "isActive": true,
  "isClass": true,
  "class_href": "http://150.158.133.36:9904/qingdoujiekou.php/v1.vod?type=FIRST&by=SECOND&limit=18&page=PAGE",
  "class_first": "电视剧***2&&&电影***1&&&动漫***4&&&综艺***3",
  "class_second": "最新***time&&&人气***hits&&&评分***score",
  "class_range": "data.list",
  "class_list_name": "vod_name",
  "class_list_href": "vod_id",
  "class_list_src": "vod_pic",
  "class_list_state": "vod_remarks"
},
{
  "name": "益达影院",
  "id": "APP",
  "search_url": "http://luobu.yss6080.com/mogai_api.php/v1.vod/detail?vod_id=",
  "url": "http://luobu.yss6080.com/mogai_api.php/v1.vod",
  "pic_url": "",
  "search_href": "http://luobu.yss6080.com/mogai_api.php/v1.vod?wd=searchKey",
  "search_range": "data.list",
  "search_list_name": "vod_name",
  "search_list_href": "vod_id",
  "search_list_src": "vod_pic",
  "search_list_state": "vod_remarks",
  "play_range": "data.vod_play_list",
  "play_state": "data.vod_remarks",
  "name_tag": "from",
  "play_list": "url",
  "play_api": "player_info.parse",
  "play_api2": "player_info.parse2",
  "extra_api": "http://1.117.152.239:39000/?url=",
  "exceptstring": "muxm3u8",
  "isActive": true,
  "isClass": true,
  "class_href": "http://luobu.yss6080.com/mogai_api.php/v1.vod?type=FIRST&by=SECOND&limit=18&page=PAGE",
  "class_first": "电视剧***2&&&电影***1&&&动漫***4&&&综艺***3",
  "class_second": "最新***time&&&人气***hits&&&评分***score",
  "class_range": "data.list",
  "class_list_name": "vod_name",
  "class_list_href": "vod_id",
  "class_list_src": "vod_pic",
  "class_list_state": "vod_remarks"
},
{
  "name": "影视大全",
  "id": "APP",
  "search_url": "https://app.okmedcos.com/api.php/v1.vod/detail?vod_id=",
  "url": "https://app.okmedcos.com/api.php/v1.vod",
  "pic_url": "",
  "search_href": "https://app.okmedcos.com/api.php/v1.vod?wd=searchKey",
  "search_range": "data.list",
  "search_list_name": "vod_name",
  "search_list_href": "vod_id",
  "search_list_src": "vod_pic",
  "search_list_state": "vod_remarks",
  "play_range": "data.vod_play_list",
  "play_state": "data.vod_remarks",
  "name_tag": "from",
  "play_list": "url",
  "play_api": "player_info.parse",
  "play_api2": "player_info.parse2",
  "extra_api": "http://1.117.152.239:39000/?url=",
  "exceptstring": "muxm3u8",
  "isActive": true,
  "isClass": true,
  "class_href": "https://app.okmedcos.com/api.php/v1.vod?type=FIRST&by=SECOND&limit=18&page=PAGE",
  "class_first": "电视剧***2&&&电影***1&&&动漫***4&&&综艺***3",
  "class_second": "最新***time&&&人气***hits&&&评分***score",
  "class_range": "data.list",
  "class_list_name": "vod_name",
  "class_list_href": "vod_id",
  "class_list_src": "vod_pic",
  "class_list_state": "vod_remarks"
},
{
  "name": "优视影视",
  "id": "APP",
  "search_url": "http://app.ysys.asia/lvdou_api.php/v1.vod/detail?vod_id=",
  "url": "http://app.ysys.asia/lvdou_api.php/v1.vod",
  "pic_url": "",
  "search_href": "http://app.ysys.asia/lvdou_api.php/v1.vod?wd=searchKey",
  "search_range": "data.list",
  "search_list_name": "vod_name",
  "search_list_href": "vod_id",
  "search_list_src": "vod_pic",
  "search_list_state": "vod_remarks",
  "play_range": "data.vod_play_list",
  "play_state": "data.vod_remarks",
  "name_tag": "from",
  "play_list": "url",
  "play_api": "player_info.parse",
  "play_api2": "player_info.parse2",
  "extra_api": "http://1.117.152.239:39000/?url=",
  "exceptstring": "muxm3u8",
  "isActive": true,
  "isClass": true,
  "class_href": "http://app.ysys.asia/lvdou_api.php/v1.vod?type=FIRST&by=SECOND&limit=18&page=PAGE",
  "class_first": "电视剧***2&&&电影***1&&&动漫***4&&&综艺***3",
  "class_second": "最新***time&&&人气***hits&&&评分***score",
  "class_range": "data.list",
  "class_list_name": "vod_name",
  "class_list_href": "vod_id",
  "class_list_src": "vod_pic",
  "class_list_state": "vod_remarks"
},
{
  "name": "影阅阁",
  "id": "APP",
  "search_url": "http://221.236.18.12:665/api.php/v1.vod/detail?vod_id=",
  "url": "http://221.236.18.12:665/api.php/v1.vod",
  "pic_url": "",
  "search_href": "http://221.236.18.12:665/api.php/v1.vod?wd=searchKey",
  "search_range": "data.list",
  "search_list_name": "vod_name",
  "search_list_href": "vod_id",
  "search_list_src": "vod_pic",
  "search_list_state": "vod_remarks",
  "play_range": "data.vod_play_list",
  "play_state": "data.vod_remarks",
  "name_tag": "from",
  "play_list": "url",
  "play_api": "player_info.parse",
  "play_api2": "player_info.parse2",
  "extra_api": "http://1.117.152.239:39000/?url=",
  "exceptstring": "muxm3u8",
  "isActive": true,
  "isClass": true,
  "class_href": "http://221.236.18.12:665/api.php/v1.vod?type=FIRST&by=SECOND&limit=18&page=PAGE",
  "class_first": "电视剧***2&&&电影***1&&&动漫***4&&&综艺***3",
  "class_second": "最新***time&&&人气***hits&&&评分***score",
  "class_range": "data.list",
  "class_list_name": "vod_name",
  "class_list_href": "vod_id",
  "class_list_src": "vod_pic",
  "class_list_state": "vod_remarks"
},
{
  "name": "钟特影视",
  "id": "APP",
  "search_url": "https://app.zteys.com/api.php/v1.vod/detail?vod_id=",
  "url": "https://app.zteys.com/api.php/v1.vod",
  "pic_url": "",
  "search_href": "https://app.zteys.com/api.php/v1.vod?wd=searchKey",
  "search_range": "data.list",
  "search_list_name": "vod_name",
  "search_list_href": "vod_id",
  "search_list_src": "vod_pic",
  "search_list_state": "vod_remarks",
  "play_range": "data.vod_play_list",
  "play_state": "data.vod_remarks",
  "name_tag": "from",
  "play_list": "url",
  "play_api": "player_info.parse",
  "play_api2": "player_info.parse2",
  "extra_api": "http://1.117.152.239:39000/?url=",
  "exceptstring": "muxm3u8",
  "isActive": true,
  "isClass": true,
  "class_href": "https://app.zteys.com/api.php/v1.vod?type=FIRST&by=SECOND&limit=18&page=PAGE",
  "class_first": "电视剧***2&&&电影***1&&&动漫***4&&&综艺***3",
  "class_second": "最新***time&&&人气***hits&&&评分***score",
  "class_range": "data.list",
  "class_list_name": "vod_name",
  "class_list_href": "vod_id",
  "class_list_src": "vod_pic",
  "class_list_state": "vod_remarks"
},
{
  "name": "1080KK",
  "id": "APP",
  "search_url": "http://123.250idc.com/mogai_api.php/v1.vod/detail?vod_id=",
  "url": "http://123.250idc.com/mogai_api.php/v1.vod",
  "pic_url": "",
  "search_href": "http://123.250idc.com/mogai_api.php/v1.vod?wd=searchKey",
  "search_range": "data.list",
  "search_list_name": "vod_name",
  "search_list_href": "vod_id",
  "search_list_src": "vod_pic",
  "search_list_state": "vod_remarks",
  "play_range": "data.vod_play_list",
  "play_state": "data.vod_remarks",
  "name_tag": "from",
  "play_list": "url",
  "play_api": "player_info.parse",
  "play_api2": "player_info.parse2",
  "extra_api": "http://1.117.152.239:39000/?url=",
  "exceptstring": "muxm3u8",
  "isActive": true,
  "isClass": true,
  "class_href": "http://123.250idc.com/mogai_api.php/v1.vod?type=FIRST&by=SECOND&limit=18&page=PAGE",
  "class_first": "电视剧***2&&&电影***1&&&动漫***4&&&综艺***3",
  "class_second": "最新***time&&&人气***hits&&&评分***score",
  "class_range": "data.list",
  "class_list_name": "vod_name",
  "class_list_href": "vod_id",
  "class_list_src": "vod_pic",
  "class_list_state": "vod_remarks"
},
{
  "name": "MX影视",
  "id": "APP",
  "search_url": "http://mkk.gotka.top/api.php/v1.vod/detail?vod_id=",
  "url": "http://mkk.gotka.top/api.php/v1.vod",
  "pic_url": "",
  "search_href": "http://mkk.gotka.top/api.php/v1.vod?wd=searchKey",
  "search_range": "data.list",
  "search_list_name": "vod_name",
  "search_list_href": "vod_id",
  "search_list_src": "vod_pic",
  "search_list_state": "vod_remarks",
  "play_range": "data.vod_play_list",
  "play_state": "data.vod_remarks",
  "name_tag": "from",
  "play_list": "url",
  "play_api": "player_info.parse",
  "play_api2": "player_info.parse2",
  "extra_api": "http://1.117.152.239:39000/?url=",
  "exceptstring": "muxm3u8",
  "isActive": true,
  "isClass": true,
  "class_href": "http://mkk.gotka.top/api.php/v1.vod?type=FIRST&by=SECOND&limit=18&page=PAGE",
  "class_first": "电视剧***2&&&电影***1&&&动漫***4&&&综艺***3",
  "class_second": "最新***time&&&人气***hits&&&评分***score",
  "class_range": "data.list",
  "class_list_name": "vod_name",
  "class_list_href": "vod_id",
  "class_list_src": "vod_pic",
  "class_list_state": "vod_remarks"
},
{
  "name": "JDODO",
  "id": "APP",
  "search_url": "https://appys.jdodo.xyz/mogai_api.php/v1.vod/detail?vod_id=",
  "url": "https://appys.jdodo.xyz/mogai_api.php/v1.vod",
  "pic_url": "",
  "search_href": "https://appys.jdodo.xyz/mogai_api.php/v1.vod?wd=searchKey",
  "search_range": "data.list",
  "search_list_name": "vod_name",
  "search_list_href": "vod_id",
  "search_list_src": "vod_pic",
  "search_list_state": "vod_remarks",
  "play_range": "data.vod_play_list",
  "play_state": "data.vod_remarks",
  "name_tag": "from",
  "play_list": "url",
  "play_api": "player_info.parse",
  "play_api2": "player_info.parse2",
  "extra_api": "http://1.117.152.239:39000/?url=",
  "exceptstring": "muxm3u8",
  "isActive": true,
  "isClass": true,
  "class_href": "https://appys.jdodo.xyz/mogai_api.php/v1.vod?type=FIRST&by=SECOND&limit=18&page=PAGE",
  "class_first": "电视剧***2&&&电影***1&&&动漫***4&&&综艺***3",
  "class_second": "最新***time&&&人气***hits&&&评分***score",
  "class_range": "data.list",
  "class_list_name": "vod_name",
  "class_list_href": "vod_id",
  "class_list_src": "vod_pic",
  "class_list_state": "vod_remarks"
},
{
  "name": "U5影视",
  "id": "APP",
  "search_url": "https://appx.uy07.com/api.php/v1.vod/detail?vod_id=",
  "url": "https://appx.uy07.com/api.php/v1.vod",
  "pic_url": "",
  "search_href": "https://appx.uy07.com/api.php/v1.vod?wd=searchKey",
  "search_range": "data.list",
  "search_list_name": "vod_name",
  "search_list_href": "vod_id",
  "search_list_src": "vod_pic",
  "search_list_state": "vod_remarks",
  "play_range": "data.vod_play_list",
  "play_state": "data.vod_remarks",
  "name_tag": "from",
  "play_list": "url",
  "play_api": "player_info.parse",
  "play_api2": "player_info.parse2",
  "extra_api": "http://1.117.152.239:39000/?url=",
  "exceptstring": "muxm3u8",
  "isActive": true,
  "isClass": true,
  "class_href": "https://appx.uy07.com/api.php/v1.vod?type=FIRST&by=SECOND&limit=18&page=PAGE",
  "class_first": "电视剧***2&&&电影***1&&&动漫***4&&&综艺***3",
  "class_second": "最新***time&&&人气***hits&&&评分***score",
  "class_range": "data.list",
  "class_list_name": "vod_name",
  "class_list_href": "vod_id",
  "class_list_src": "vod_pic",
  "class_list_state": "vod_remarks"
},
{
  "name": "爱电影",
  "id": "APP",
  "search_url": "https://www.idianying.com.cn/mogai_api.php/v1.vod/detail?vod_id=",
  "url": "https://www.idianying.com.cn/mogai_api.php/v1.vod",
  "pic_url": "",
  "search_href": "https://www.idianying.com.cn/mogai_api.php/v1.vod?wd=searchKey",
  "search_range": "data.list",
  "search_list_name": "vod_name",
  "search_list_href": "vod_id",
  "search_list_src": "vod_pic",
  "search_list_state": "vod_remarks",
  "play_range": "data.vod_play_list",
  "play_state": "data.vod_remarks",
  "name_tag": "from",
  "play_list": "url",
  "play_api": "player_info.parse",
  "play_api2": "player_info.parse2",
  "extra_api": "http://1.117.152.239:39000/?url=",
  "exceptstring": "muxm3u8",
  "isActive": true,
  "isClass": true,
  "class_href": "https://www.idianying.com.cn/mogai_api.php/v1.vod?type=FIRST&by=SECOND&limit=18&page=PAGE",
  "class_first": "电视剧***2&&&电影***1&&&动漫***4&&&综艺***3",
  "class_second": "最新***time&&&人气***hits&&&评分***score",
  "class_range": "data.list",
  "class_list_name": "vod_name",
  "class_list_href": "vod_id",
  "class_list_src": "vod_pic",
  "class_list_state": "vod_remarks"
},
{
  "name": "艾特影视",
  "id": "APP",
  "search_url": "https://www.aitee.cc/api.php/v1.vod/detail?vod_id=",
  "url": "https://www.aitee.cc/api.php/v1.vod",
  "pic_url": "",
  "search_href": "https://www.aitee.cc/api.php/v1.vod?wd=searchKey",
  "search_range": "data.list",
  "search_list_name": "vod_name",
  "search_list_href": "vod_id",
  "search_list_src": "vod_pic",
  "search_list_state": "vod_remarks",
  "play_range": "data.vod_play_list",
  "play_state": "data.vod_remarks",
  "name_tag": "from",
  "play_list": "url",
  "play_api": "player_info.parse",
  "play_api2": "player_info.parse2",
  "extra_api": "http://1.117.152.239:39000/?url=",
  "exceptstring": "muxm3u8",
  "isActive": true,
  "isClass": true,
  "class_href": "https://www.aitee.cc/api.php/v1.vod?type=FIRST&by=SECOND&limit=18&page=PAGE",
  "class_first": "电视剧***2&&&电影***1&&&动漫***4&&&综艺***3",
  "class_second": "最新***time&&&人气***hits&&&评分***score",
  "class_range": "data.list",
  "class_list_name": "vod_name",
  "class_list_href": "vod_id",
  "class_list_src": "vod_pic",
  "class_list_state": "vod_remarks"
},
{
  "name": "百淘影视",
  "id": "APP",
  "search_url": "http://ys.58g8.com/lvdou_api.php/v1.vod/detail?vod_id=",
  "url": "http://ys.58g8.com/lvdou_api.php/v1.vod",
  "pic_url": "",
  "search_href": "http://ys.58g8.com/lvdou_api.php/v1.vod?wd=searchKey",
  "search_range": "data.list",
  "search_list_name": "vod_name",
  "search_list_href": "vod_id",
  "search_list_src": "vod_pic",
  "search_list_state": "vod_remarks",
  "play_range": "data.vod_play_list",
  "play_state": "data.vod_remarks",
  "name_tag": "from",
  "play_list": "url",
  "play_api": "player_info.parse",
  "play_api2": "player_info.parse2",
  "extra_api": "http://1.117.152.239:39000/?url=",
  "exceptstring": "muxm3u8",
  "isActive": true,
  "isClass": true,
  "class_href": "http://ys.58g8.com/lvdou_api.php/v1.vod?type=FIRST&by=SECOND&limit=18&page=PAGE",
  "class_first": "电视剧***2&&&电影***1&&&动漫***4&&&综艺***3",
  "class_second": "最新***time&&&人气***hits&&&评分***score",
  "class_range": "data.list",
  "class_list_name": "vod_name",
  "class_list_href": "vod_id",
  "class_list_src": "vod_pic",
  "class_list_state": "vod_remarks"
},
{
  "name": "大威电影",
  "id": "APP",
  "search_url": "http://vip.davdy.com/ruifenglb_api.php/v1.vod/detail?vod_id=",
  "url": "http://vip.davdy.com/ruifenglb_api.php/v1.vod",
  "pic_url": "",
  "search_href": "http://vip.davdy.com/ruifenglb_api.php/v1.vod?wd=searchKey",
  "search_range": "data.list",
  "search_list_name": "vod_name",
  "search_list_href": "vod_id",
  "search_list_src": "vod_pic",
  "search_list_state": "vod_remarks",
  "play_range": "data.vod_play_list",
  "play_state": "data.vod_remarks",
  "name_tag": "from",
  "play_list": "url",
  "play_api": "player_info.parse",
  "play_api2": "player_info.parse2",
  "extra_api": "http://1.117.152.239:39000/?url=",
  "exceptstring": "muxm3u8",
  "isActive": true,
  "isClass": true,
  "class_href": "http://vip.davdy.com/ruifenglb_api.php/v1.vod?type=FIRST&by=SECOND&limit=18&page=PAGE",
  "class_first": "电视剧***2&&&电影***1&&&动漫***4&&&综艺***3",
  "class_second": "最新***time&&&人气***hits&&&评分***score",
  "class_range": "data.list",
  "class_list_name": "vod_name",
  "class_list_href": "vod_id",
  "class_list_src": "vod_pic",
  "class_list_state": "vod_remarks"
},
{
  "name": "星宿漫",
  "id": "APP",
  "search_url": "http://3.xingxiuman.com/mogai_api.php/v1.vod/detail?vod_id=",
  "url": "http://3.xingxiuman.com/mogai_api.php/v1.vod",
  "pic_url": "",
  "search_href": "http://3.xingxiuman.com/mogai_api.php/v1.vod?wd=searchKey",
  "search_range": "data.list",
  "search_list_name": "vod_name",
  "search_list_href": "vod_id",
  "search_list_src": "vod_pic",
  "search_list_state": "vod_remarks",
  "play_range": "data.vod_play_list",
  "play_state": "data.vod_remarks",
  "name_tag": "from",
  "play_list": "url",
  "play_api": "player_info.parse",
  "play_api2": "player_info.parse2",
  "extra_api": "http://1.117.152.239:39000/?url=",
  "exceptstring": "muxm3u8",
  "isActive": true,
  "isClass": true,
  "class_href": "http://3.xingxiuman.com/mogai_api.php/v1.vod?type=FIRST&by=SECOND&limit=18&page=PAGE",
  "class_first": "电视剧***2&&&电影***1&&&动漫***4&&&综艺***3",
  "class_second": "最新***time&&&人气***hits&&&评分***score",
  "class_range": "data.list",
  "class_list_name": "vod_name",
  "class_list_href": "vod_id",
  "class_list_src": "vod_pic",
  "class_list_state": "vod_remarks"
},
{
  "name": "月儿影视",
  "id": "APP",
  "search_url": "https://yue52.xyz/api.php/v1.vod/detail?vod_id=",
  "url": "https://yue52.xyz/api.php/v1.vod",
  "pic_url": "",
  "search_href": "https://yue52.xyz/api.php/v1.vod?wd=searchKey",
  "search_range": "data.list",
  "search_list_name": "vod_name",
  "search_list_href": "vod_id",
  "search_list_src": "vod_pic",
  "search_list_state": "vod_remarks",
  "play_range": "data.vod_play_list",
  "play_state": "data.vod_remarks",
  "name_tag": "from",
  "play_list": "url",
  "play_api": "player_info.parse",
  "play_api2": "player_info.parse2",
  "extra_api": "http://1.117.152.239:39000/?url=",
  "exceptstring": "muxm3u8",
  "isActive": true,
  "isClass": true,
  "class_href": "https://yue52.xyz/api.php/v1.vod?type=FIRST&by=SECOND&limit=18&page=PAGE",
  "class_first": "电视剧***2&&&电影***1&&&动漫***4&&&综艺***3",
  "class_second": "最新***time&&&人气***hits&&&评分***score",
  "class_range": "data.list",
  "class_list_name": "vod_name",
  "class_list_href": "vod_id",
  "class_list_src": "vod_pic",
  "class_list_state": "vod_remarks"
},
{
  "name": "影视大全",
  "id": "APP",
  "search_url": "https://xc.xixi2yy.xyz/mogai_api.php/v1.vod/detail?vod_id=",
  "url": "https://xc.xixi2yy.xyz/mogai_api.php/v1.vod",
  "pic_url": "",
  "search_href": "https://xc.xixi2yy.xyz/mogai_api.php/v1.vod?wd=searchKey",
  "search_range": "data.list",
  "search_list_name": "vod_name",
  "search_list_href": "vod_id",
  "search_list_src": "vod_pic",
  "search_list_state": "vod_remarks",
  "play_range": "data.vod_play_list",
  "play_state": "data.vod_remarks",
  "name_tag": "from",
  "play_list": "url",
  "play_api": "player_info.parse",
  "play_api2": "player_info.parse2",
  "extra_api": "http://1.117.152.239:39000/?url=",
  "exceptstring": "muxm3u8",
  "isActive": true,
  "isClass": true,
  "class_href": "https://xc.xixi2yy.xyz/mogai_api.php/v1.vod?type=FIRST&by=SECOND&limit=18&page=PAGE",
  "class_first": "电视剧***2&&&电影***1&&&动漫***4&&&综艺***3",
  "class_second": "最新***time&&&人气***hits&&&评分***score",
  "class_range": "data.list",
  "class_list_name": "vod_name",
  "class_list_href": "vod_id",
  "class_list_src": "vod_pic",
  "class_list_state": "vod_remarks"
},
{
  "name": "影视猫",
  "id": "APP",
  "search_url": "https://vip.wscyun.com/api.php/v1.vod/detail?vod_id=",
  "url": "https://vip.wscyun.com/api.php/v1.vod",
  "pic_url": "",
  "search_href": "https://vip.wscyun.com/api.php/v1.vod?wd=searchKey",
  "search_range": "data.list",
  "search_list_name": "vod_name",
  "search_list_href": "vod_id",
  "search_list_src": "vod_pic",
  "search_list_state": "vod_remarks",
  "play_range": "data.vod_play_list",
  "play_state": "data.vod_remarks",
  "name_tag": "from",
  "play_list": "url",
  "play_api": "player_info.parse",
  "play_api2": "player_info.parse2",
  "extra_api": "http://1.117.152.239:39000/?url=",
  "exceptstring": "muxm3u8",
  "isActive": true,
  "isClass": true,
  "class_href": "https://vip.wscyun.com/api.php/v1.vod?type=FIRST&by=SECOND&limit=18&page=PAGE",
  "class_first": "电视剧***2&&&电影***1&&&动漫***4&&&综艺***3",
  "class_second": "最新***time&&&人气***hits&&&评分***score",
  "class_range": "data.list",
  "class_list_name": "vod_name",
  "class_list_href": "vod_id",
  "class_list_src": "vod_pic",
  "class_list_state": "vod_remarks"
},
{
  "name": "余生影视",
  "id": "APP",
  "search_url": "http://yu.cuicanys.cn/lvdou_api.php/v1.vod/detail?vod_id=",
  "url": "http://yu.cuicanys.cn/lvdou_api.php/v1.vod",
  "pic_url": "",
  "search_href": "http://yu.cuicanys.cn/lvdou_api.php/v1.vod?wd=searchKey",
  "search_range": "data.list",
  "search_list_name": "vod_name",
  "search_list_href": "vod_id",
  "search_list_src": "vod_pic",
  "search_list_state": "vod_remarks",
  "play_range": "data.vod_play_list",
  "play_state": "data.vod_remarks",
  "name_tag": "from",
  "play_list": "url",
  "play_api": "player_info.parse",
  "play_api2": "player_info.parse2",
  "extra_api": "http://1.117.152.239:39000/?url=",
  "exceptstring": "muxm3u8",
  "isActive": true,
  "isClass": true,
  "class_href": "http://yu.cuicanys.cn/lvdou_api.php/v1.vod?type=FIRST&by=SECOND&limit=18&page=PAGE",
  "class_first": "电视剧***2&&&电影***1&&&动漫***4&&&综艺***3",
  "class_second": "最新***time&&&人气***hits&&&评分***score",
  "class_range": "data.list",
  "class_list_name": "vod_name",
  "class_list_href": "vod_id",
  "class_list_src": "vod_pic",
  "class_list_state": "vod_remarks"
},
{
  "name": "渔渔影视",
  "id": "APP",
  "search_url": "http://luobo.yugenye.site/api.php/v1.vod/detail?vod_id=",
  "url": "http://luobo.yugenye.site/api.php/v1.vod",
  "pic_url": "",
  "search_href": "http://luobo.yugenye.site/api.php/v1.vod?wd=searchKey",
  "search_range": "data.list",
  "search_list_name": "vod_name",
  "search_list_href": "vod_id",
  "search_list_src": "vod_pic",
  "search_list_state": "vod_remarks",
  "play_range": "data.vod_play_list",
  "play_state": "data.vod_remarks",
  "name_tag": "from",
  "play_list": "url",
  "play_api": "player_info.parse",
  "play_api2": "player_info.parse2",
  "extra_api": "http://1.117.152.239:39000/?url=",
  "exceptstring": "muxm3u8",
  "isActive": true,
  "isClass": true,
  "class_href": "http://luobo.yugenye.site/api.php/v1.vod?type=FIRST&by=SECOND&limit=18&page=PAGE",
  "class_first": "电视剧***2&&&电影***1&&&动漫***4&&&综艺***3",
  "class_second": "最新***time&&&人气***hits&&&评分***score",
  "class_range": "data.list",
  "class_list_name": "vod_name",
  "class_list_href": "vod_id",
  "class_list_src": "vod_pic",
  "class_list_state": "vod_remarks"
},
{
  "name": "追剧影院",
  "id": "APP",
  "search_url": "http://82.157.98.129/lvdou_api.php/v1.vod/detail?vod_id=",
  "url": "http://82.157.98.129/lvdou_api.php/v1.vod",
  "pic_url": "",
  "search_href": "http://82.157.98.129/lvdou_api.php/v1.vod?wd=searchKey",
  "search_range": "data.list",
  "search_list_name": "vod_name",
  "search_list_href": "vod_id",
  "search_list_src": "vod_pic",
  "search_list_state": "vod_remarks",
  "play_range": "data.vod_play_list",
  "play_state": "data.vod_remarks",
  "name_tag": "from",
  "play_list": "url",
  "play_api": "player_info.parse",
  "play_api2": "player_info.parse2",
  "extra_api": "http://1.117.152.239:39000/?url=",
  "exceptstring": "muxm3u8",
  "isActive": true,
  "isClass": true,
  "class_href": "http://82.157.98.129/lvdou_api.php/v1.vod?type=FIRST&by=SECOND&limit=18&page=PAGE",
  "class_first": "电视剧***2&&&电影***1&&&动漫***4&&&综艺***3",
  "class_second": "最新***time&&&人气***hits&&&评分***score",
  "class_range": "data.list",
  "class_list_name": "vod_name",
  "class_list_href": "vod_id",
  "class_list_src": "vod_pic",
  "class_list_state": "vod_remarks"
},
{
  "name": "DC影视",
  "id": "APP",
  "search_url": "http://chaorenbb.com/api.php/v1.vod/detail?vod_id=",
  "url": "http://chaorenbb.com/api.php/v1.vod",
  "pic_url": "",
  "search_href": "http://chaorenbb.com/api.php/v1.vod?wd=searchKey",
  "search_range": "data.list",
  "search_list_name": "vod_name",
  "search_list_href": "vod_id",
  "search_list_src": "vod_pic",
  "search_list_state": "vod_remarks",
  "play_range": "data.vod_play_list",
  "play_state": "data.vod_remarks",
  "name_tag": "from",
  "play_list": "url",
  "play_api": "player_info.parse",
  "play_api2": "player_info.parse2",
  "extra_api": "http://1.117.152.239:39000/?url=",
  "exceptstring": "muxm3u8",
  "isActive": true,
  "isClass": true,
  "class_href": "http://chaorenbb.com/api.php/v1.vod?type=FIRST&by=SECOND&limit=18&page=PAGE",
  "class_first": "电视剧***2&&&电影***1&&&动漫***4&&&综艺***3",
  "class_second": "最新***time&&&人气***hits&&&评分***score",
  "class_range": "data.list",
  "class_list_name": "vod_name",
  "class_list_href": "vod_id",
  "class_list_src": "vod_pic",
  "class_list_state": "vod_remarks"
},
{
  "name": "tvip",
  "id": "APP",
  "search_url": "http://app.tvip.cc/api.php/v1.vod/detail?vod_id=",
  "url": "http://app.tvip.cc/api.php/v1.vod",
  "pic_url": "",
  "search_href": "http://app.tvip.cc/api.php/v1.vod?wd=searchKey",
  "search_range": "data.list",
  "search_list_name": "vod_name",
  "search_list_href": "vod_id",
  "search_list_src": "vod_pic",
  "search_list_state": "vod_remarks",
  "play_range": "data.vod_play_list",
  "play_state": "data.vod_remarks",
  "name_tag": "from",
  "play_list": "url",
  "play_api": "player_info.parse",
  "play_api2": "player_info.parse2",
  "extra_api": "http://1.117.152.239:39000/?url=",
  "exceptstring": "muxm3u8",
  "isActive": true,
  "isClass": true,
  "class_href": "http://app.tvip.cc/api.php/v1.vod?type=FIRST&by=SECOND&limit=18&page=PAGE",
  "class_first": "电视剧***2&&&电影***1&&&动漫***4&&&综艺***3",
  "class_second": "最新***time&&&人气***hits&&&评分***score",
  "class_range": "data.list",
  "class_list_name": "vod_name",
  "class_list_href": "vod_id",
  "class_list_src": "vod_pic",
  "class_list_state": "vod_remarks"
},
{
  "name": "爱酷影视",
  "id": "APP",
  "search_url": "https://www.zhanlangbu.com/ruifenglb_api.php/v1.vod/detail?vod_id=",
  "url": "https://www.zhanlangbu.com/ruifenglb_api.php/v1.vod",
  "pic_url": "",
  "search_href": "https://www.zhanlangbu.com/ruifenglb_api.php/v1.vod?wd=searchKey",
  "search_range": "data.list",
  "search_list_name": "vod_name",
  "search_list_href": "vod_id",
  "search_list_src": "vod_pic",
  "search_list_state": "vod_remarks",
  "play_range": "data.vod_play_list",
  "play_state": "data.vod_remarks",
  "name_tag": "from",
  "play_list": "url",
  "play_api": "player_info.parse",
  "play_api2": "player_info.parse2",
  "extra_api": "http://1.117.152.239:39000/?url=",
  "exceptstring": "muxm3u8",
  "isActive": true,
  "isClass": true,
  "class_href": "https://www.zhanlangbu.com/ruifenglb_api.php/v1.vod?type=FIRST&by=SECOND&limit=18&page=PAGE",
  "class_first": "电视剧***2&&&电影***1&&&动漫***4&&&综艺***3",
  "class_second": "最新***time&&&人气***hits&&&评分***score",
  "class_range": "data.list",
  "class_list_name": "vod_name",
  "class_list_href": "vod_id",
  "class_list_src": "vod_pic",
  "class_list_state": "vod_remarks"
},
{
  "name": "嗷呜视频",
  "id": "APP",
  "search_url": "http://www.cx99999.cn/lvdou_api.php/v1.vod/detail?vod_id=",
  "url": "http://www.cx99999.cn/lvdou_api.php/v1.vod",
  "pic_url": "",
  "search_href": "http://www.cx99999.cn/lvdou_api.php/v1.vod?wd=searchKey",
  "search_range": "data.list",
  "search_list_name": "vod_name",
  "search_list_href": "vod_id",
  "search_list_src": "vod_pic",
  "search_list_state": "vod_remarks",
  "play_range": "data.vod_play_list",
  "play_state": "data.vod_remarks",
  "name_tag": "from",
  "play_list": "url",
  "play_api": "player_info.parse",
  "play_api2": "player_info.parse2",
  "extra_api": "http://1.117.152.239:39000/?url=",
  "exceptstring": "muxm3u8",
  "isActive": true,
  "isClass": true,
  "class_href": "http://www.cx99999.cn/lvdou_api.php/v1.vod?type=FIRST&by=SECOND&limit=18&page=PAGE",
  "class_first": "电视剧***2&&&电影***1&&&动漫***4&&&综艺***3",
  "class_second": "最新***time&&&人气***hits&&&评分***score",
  "class_range": "data.list",
  "class_list_name": "vod_name",
  "class_list_href": "vod_id",
  "class_list_src": "vod_pic",
  "class_list_state": "vod_remarks"
},
{
  "name": "次元动漫",
  "id": "APP",
  "search_url": "http://81.68.211.181/lvdou_api.php/v1.vod/detail?vod_id=",
  "url": "http://81.68.211.181/lvdou_api.php/v1.vod",
  "pic_url": "",
  "search_href": "http://81.68.211.181/lvdou_api.php/v1.vod?wd=searchKey",
  "search_range": "data.list",
  "search_list_name": "vod_name",
  "search_list_href": "vod_id",
  "search_list_src": "vod_pic",
  "search_list_state": "vod_remarks",
  "play_range": "data.vod_play_list",
  "play_state": "data.vod_remarks",
  "name_tag": "from",
  "play_list": "url",
  "play_api": "player_info.parse",
  "play_api2": "player_info.parse2",
  "extra_api": "http://1.117.152.239:39000/?url=",
  "exceptstring": "muxm3u8",
  "isActive": true,
  "isClass": true,
  "class_href": "http://81.68.211.181/lvdou_api.php/v1.vod?type=FIRST&by=SECOND&limit=18&page=PAGE",
  "class_first": "电视剧***2&&&电影***1&&&动漫***4&&&综艺***3",
  "class_second": "最新***time&&&人气***hits&&&评分***score",
  "class_range": "data.list",
  "class_list_name": "vod_name",
  "class_list_href": "vod_id",
  "class_list_src": "vod_pic",
  "class_list_state": "vod_remarks"
},
{
  "name": "创意影视",
  "id": "APP",
  "search_url": "https://www.30dian.cn/api.php/v1.vod/detail?vod_id=",
  "url": "https://www.30dian.cn/api.php/v1.vod",
  "pic_url": "",
  "search_href": "https://www.30dian.cn/api.php/v1.vod?wd=searchKey",
  "search_range": "data.list",
  "search_list_name": "vod_name",
  "search_list_href": "vod_id",
  "search_list_src": "vod_pic",
  "search_list_state": "vod_remarks",
  "play_range": "data.vod_play_list",
  "play_state": "data.vod_remarks",
  "name_tag": "from",
  "play_list": "url",
  "play_api": "player_info.parse",
  "play_api2": "player_info.parse2",
  "extra_api": "http://1.117.152.239:39000/?url=",
  "exceptstring": "muxm3u8",
  "isActive": true,
  "isClass": true,
  "class_href": "https://www.30dian.cn/api.php/v1.vod?type=FIRST&by=SECOND&limit=18&page=PAGE",
  "class_first": "电视剧***2&&&电影***1&&&动漫***4&&&综艺***3",
  "class_second": "最新***time&&&人气***hits&&&评分***score",
  "class_range": "data.list",
  "class_list_name": "vod_name",
  "class_list_href": "vod_id",
  "class_list_src": "vod_pic",
  "class_list_state": "vod_remarks"
},
{
  "name": "独播社",
  "id": "APP",
  "search_url": "http://35ys.cc/api.php/v1.vod/detail?vod_id=",
  "url": "http://35ys.cc/api.php/v1.vod",
  "pic_url": "",
  "search_href": "http://35ys.cc/api.php/v1.vod?wd=searchKey",
  "search_range": "data.list",
  "search_list_name": "vod_name",
  "search_list_href": "vod_id",
  "search_list_src": "vod_pic",
  "search_list_state": "vod_remarks",
  "play_range": "data.vod_play_list",
  "play_state": "data.vod_remarks",
  "name_tag": "from",
  "play_list": "url",
  "play_api": "player_info.parse",
  "play_api2": "player_info.parse2",
  "extra_api": "http://1.117.152.239:39000/?url=",
  "exceptstring": "muxm3u8",
  "isActive": true,
  "isClass": true,
  "class_href": "http://35ys.cc/api.php/v1.vod?type=FIRST&by=SECOND&limit=18&page=PAGE",
  "class_first": "电视剧***2&&&电影***1&&&动漫***4&&&综艺***3",
  "class_second": "最新***time&&&人气***hits&&&评分***score",
  "class_range": "data.list",
  "class_list_name": "vod_name",
  "class_list_href": "vod_id",
  "class_list_src": "vod_pic",
  "class_list_state": "vod_remarks"
},
{
  "name": "段友影视",
  "id": "APP",
  "search_url": "http://121.204.249.135:4433/ruifenglb_api.php/v1.vod/detail?vod_id=",
  "url": "http://121.204.249.135:4433/ruifenglb_api.php/v1.vod",
  "pic_url": "",
  "search_href": "http://121.204.249.135:4433/ruifenglb_api.php/v1.vod?wd=searchKey",
  "search_range": "data.list",
  "search_list_name": "vod_name",
  "search_list_href": "vod_id",
  "search_list_src": "vod_pic",
  "search_list_state": "vod_remarks",
  "play_range": "data.vod_play_list",
  "play_state": "data.vod_remarks",
  "name_tag": "from",
  "play_list": "url",
  "play_api": "player_info.parse",
  "play_api2": "player_info.parse2",
  "extra_api": "http://1.117.152.239:39000/?url=",
  "exceptstring": "muxm3u8",
  "isActive": true,
  "isClass": true,
  "class_href": "http://121.204.249.135:4433/ruifenglb_api.php/v1.vod?type=FIRST&by=SECOND&limit=18&page=PAGE",
  "class_first": "电视剧***2&&&电影***1&&&动漫***4&&&综艺***3",
  "class_second": "最新***time&&&人气***hits&&&评分***score",
  "class_range": "data.list",
  "class_list_name": "vod_name",
  "class_list_href": "vod_id",
  "class_list_src": "vod_pic",
  "class_list_state": "vod_remarks"
},
{
  "name": "饭后电影",
  "id": "APP",
  "search_url": "http://yinliub.cn/lvdou_api.php/v1.vod/detail?vod_id=",
  "url": "http://yinliub.cn/lvdou_api.php/v1.vod",
  "pic_url": "",
  "search_href": "http://yinliub.cn/lvdou_api.php/v1.vod?wd=searchKey",
  "search_range": "data.list",
  "search_list_name": "vod_name",
  "search_list_href": "vod_id",
  "search_list_src": "vod_pic",
  "search_list_state": "vod_remarks",
  "play_range": "data.vod_play_list",
  "play_state": "data.vod_remarks",
  "name_tag": "from",
  "play_list": "url",
  "play_api": "player_info.parse",
  "play_api2": "player_info.parse2",
  "extra_api": "http://1.117.152.239:39000/?url=",
  "exceptstring": "muxm3u8",
  "isActive": true,
  "isClass": true,
  "class_href": "http://yinliub.cn/lvdou_api.php/v1.vod?type=FIRST&by=SECOND&limit=18&page=PAGE",
  "class_first": "电视剧***2&&&电影***1&&&动漫***4&&&综艺***3",
  "class_second": "最新***time&&&人气***hits&&&评分***score",
  "class_range": "data.list",
  "class_list_name": "vod_name",
  "class_list_href": "vod_id",
  "class_list_src": "vod_pic",
  "class_list_state": "vod_remarks"
},
{
  "name": "粉象视界",
  "id": "APP",
  "search_url": "http://42.157.129.15:34444/lvdou_api.php/v1.vod/detail?vod_id=",
  "url": "http://42.157.129.15:34444/lvdou_api.php/v1.vod",
  "pic_url": "",
  "search_href": "http://42.157.129.15:34444/lvdou_api.php/v1.vod?wd=searchKey",
  "search_range": "data.list",
  "search_list_name": "vod_name",
  "search_list_href": "vod_id",
  "search_list_src": "vod_pic",
  "search_list_state": "vod_remarks",
  "play_range": "data.vod_play_list",
  "play_state": "data.vod_remarks",
  "name_tag": "from",
  "play_list": "url",
  "play_api": "player_info.parse",
  "play_api2": "player_info.parse2",
  "extra_api": "http://1.117.152.239:39000/?url=",
  "exceptstring": "muxm3u8",
  "isActive": true,
  "isClass": true,
  "class_href": "http://42.157.129.15:34444/lvdou_api.php/v1.vod?type=FIRST&by=SECOND&limit=18&page=PAGE",
  "class_first": "电视剧***2&&&电影***1&&&动漫***4&&&综艺***3",
  "class_second": "最新***time&&&人气***hits&&&评分***score",
  "class_range": "data.list",
  "class_list_name": "vod_name",
  "class_list_href": "vod_id",
  "class_list_src": "vod_pic",
  "class_list_state": "vod_remarks"
},
{
  "name": "狐狸动漫",
  "id": "APP",
  "search_url": "http://ak.baicai.buzz/lvdou_api.php/v1.vod/detail?vod_id=",
  "url": "http://ak.baicai.buzz/lvdou_api.php/v1.vod",
  "pic_url": "",
  "search_href": "http://ak.baicai.buzz/lvdou_api.php/v1.vod?wd=searchKey",
  "search_range": "data.list",
  "search_list_name": "vod_name",
  "search_list_href": "vod_id",
  "search_list_src": "vod_pic",
  "search_list_state": "vod_remarks",
  "play_range": "data.vod_play_list",
  "play_state": "data.vod_remarks",
  "name_tag": "from",
  "play_list": "url",
  "play_api": "player_info.parse",
  "play_api2": "player_info.parse2",
  "extra_api": "http://1.117.152.239:39000/?url=",
  "exceptstring": "muxm3u8",
  "isActive": true,
  "isClass": true,
  "class_href": "http://ak.baicai.buzz/lvdou_api.php/v1.vod?type=FIRST&by=SECOND&limit=18&page=PAGE",
  "class_first": "电视剧***2&&&电影***1&&&动漫***4&&&综艺***3",
  "class_second": "最新***time&&&人气***hits&&&评分***score",
  "class_range": "data.list",
  "class_list_name": "vod_name",
  "class_list_href": "vod_id",
  "class_list_src": "vod_pic",
  "class_list_state": "vod_remarks"
},
{
  "name": "飓风影院",
  "id": "APP",
  "search_url": "http://yidayy.top/lehailb_api.php/v1.vod/detail?vod_id=",
  "url": "http://yidayy.top/lehailb_api.php/v1.vod",
  "pic_url": "",
  "search_href": "http://yidayy.top/lehailb_api.php/v1.vod?wd=searchKey",
  "search_range": "data.list",
  "search_list_name": "vod_name",
  "search_list_href": "vod_id",
  "search_list_src": "vod_pic",
  "search_list_state": "vod_remarks",
  "play_range": "data.vod_play_list",
  "play_state": "data.vod_remarks",
  "name_tag": "from",
  "play_list": "url",
  "play_api": "player_info.parse",
  "play_api2": "player_info.parse2",
  "extra_api": "http://1.117.152.239:39000/?url=",
  "exceptstring": "muxm3u8",
  "isActive": true,
  "isClass": true,
  "class_href": "http://yidayy.top/lehailb_api.php/v1.vod?type=FIRST&by=SECOND&limit=18&page=PAGE",
  "class_first": "电视剧***2&&&电影***1&&&动漫***4&&&综艺***3",
  "class_second": "最新***time&&&人气***hits&&&评分***score",
  "class_range": "data.list",
  "class_list_name": "vod_name",
  "class_list_href": "vod_id",
  "class_list_src": "vod_pic",
  "class_list_state": "vod_remarks"
},
{
  "name": "懒猫电影",
  "id": "APP",
  "search_url": "http://lanmao.lanmaoymw.cn/api.php/v1.vod/detail?vod_id=",
  "url": "http://lanmao.lanmaoymw.cn/api.php/v1.vod",
  "pic_url": "",
  "search_href": "http://lanmao.lanmaoymw.cn/api.php/v1.vod?wd=searchKey",
  "search_range": "data.list",
  "search_list_name": "vod_name",
  "search_list_href": "vod_id",
  "search_list_src": "vod_pic",
  "search_list_state": "vod_remarks",
  "play_range": "data.vod_play_list",
  "play_state": "data.vod_remarks",
  "name_tag": "from",
  "play_list": "url",
  "play_api": "player_info.parse",
  "play_api2": "player_info.parse2",
  "extra_api": "http://1.117.152.239:39000/?url=",
  "exceptstring": "muxm3u8",
  "isActive": true,
  "isClass": true,
  "class_href": "http://lanmao.lanmaoymw.cn/api.php/v1.vod?type=FIRST&by=SECOND&limit=18&page=PAGE",
  "class_first": "电视剧***2&&&电影***1&&&动漫***4&&&综艺***3",
  "class_second": "最新***time&&&人气***hits&&&评分***score",
  "class_range": "data.list",
  "class_list_name": "vod_name",
  "class_list_href": "vod_id",
  "class_list_src": "vod_pic",
  "class_list_state": "vod_remarks"
},
{
  "name": "琅琊影视",
  "id": "APP",
  "search_url": "http://fgyuu.top/lehailb_api.php/v1.vod/detail?vod_id=",
  "url": "http://fgyuu.top/lehailb_api.php/v1.vod",
  "pic_url": "",
  "search_href": "http://fgyuu.top/lehailb_api.php/v1.vod?wd=searchKey",
  "search_range": "data.list",
  "search_list_name": "vod_name",
  "search_list_href": "vod_id",
  "search_list_src": "vod_pic",
  "search_list_state": "vod_remarks",
  "play_range": "data.vod_play_list",
  "play_state": "data.vod_remarks",
  "name_tag": "from",
  "play_list": "url",
  "play_api": "player_info.parse",
  "play_api2": "player_info.parse2",
  "extra_api": "http://1.117.152.239:39000/?url=",
  "exceptstring": "muxm3u8",
  "isActive": true,
  "isClass": true,
  "class_href": "http://fgyuu.top/lehailb_api.php/v1.vod?type=FIRST&by=SECOND&limit=18&page=PAGE",
  "class_first": "电视剧***2&&&电影***1&&&动漫***4&&&综艺***3",
  "class_second": "最新***time&&&人气***hits&&&评分***score",
  "class_range": "data.list",
  "class_list_name": "vod_name",
  "class_list_href": "vod_id",
  "class_list_src": "vod_pic",
  "class_list_state": "vod_remarks"
},
{
  "name": "麻瓜视频",
  "id": "APP",
  "search_url": "http://aliyun.k8aa.com/mogai_api.php/v1.vod/detail?vod_id=",
  "url": "http://aliyun.k8aa.com/mogai_api.php/v1.vod",
  "pic_url": "",
  "search_href": "http://aliyun.k8aa.com/mogai_api.php/v1.vod?wd=searchKey",
  "search_range": "data.list",
  "search_list_name": "vod_name",
  "search_list_href": "vod_id",
  "search_list_src": "vod_pic",
  "search_list_state": "vod_remarks",
  "play_range": "data.vod_play_list",
  "play_state": "data.vod_remarks",
  "name_tag": "from",
  "play_list": "url",
  "play_api": "player_info.parse",
  "play_api2": "player_info.parse2",
  "extra_api": "http://1.117.152.239:39000/?url=",
  "exceptstring": "muxm3u8",
  "isActive": true,
  "isClass": true,
  "class_href": "http://aliyun.k8aa.com/mogai_api.php/v1.vod?type=FIRST&by=SECOND&limit=18&page=PAGE",
  "class_first": "电视剧***2&&&电影***1&&&动漫***4&&&综艺***3",
  "class_second": "最新***time&&&人气***hits&&&评分***score",
  "class_range": "data.list",
  "class_list_name": "vod_name",
  "class_list_href": "vod_id",
  "class_list_src": "vod_pic",
  "class_list_state": "vod_remarks"
},
{
  "name": "奈飞",
  "id": "APP",
  "search_url": "https://app.netflixmi.com/api.php/v1.vod/detail?vod_id=",
  "url": "https://app.netflixmi.com/api.php/v1.vod",
  "pic_url": "",
  "search_href": "https://app.netflixmi.com/api.php/v1.vod?wd=searchKey&page=1",
  "search_range": "data.list",
  "search_list_name": "vod_name",
  "search_list_href": "vod_id",
  "search_list_src": "vod_pic",
  "search_list_state": "vod_remarks",
  "play_range": "data.vod_play_list",
  "play_state": "data.vod_remarks",
  "name_tag": "from",
  "play_list": "url",
  "play_api": "player_info.parse",
  "play_api2": "player_info.parse2",
  "extra_api": "http://1.117.152.239:39000/?url=",
  "exceptstring": "muxm3u8",
  "isActive": true,
  "isClass": true,
  "class_href":"https://app.netflixmi.com/api.php/v1.vod?type=FIRST&by=SECOND&limit=18&page=PAGE",
  "class_first":"电视剧***2&&&电影***1&&&动漫***4&&&综艺***3",
  "class_second":"最新***time&&&人气***hits&&&评分***score",
  "class_range":"data.list",
  "class_list_name": "vod_name",
  "class_list_href": "vod_id",
  "class_list_src": "vod_pic",
  "class_list_state": "vod_remarks"
},
{
  "name": "三百",
  "id": "APP",
  "search_url": "https://300ys.xyz/mogai_api.php/v1.vod/detail?vod_id=",
  "url": "https://300ys.xyz/mogai_api.php/v1.vod",
  "pic_url": "",
  "search_href": "https://300ys.xyz/mogai_api.php/v1.vod?wd=searchKey&page=1",
  "search_range": "data.list",
  "search_list_name": "vod_name",
  "search_list_href": "vod_id",
  "search_list_src": "vod_pic",
  "search_list_state": "vod_remarks",
  "play_range": "data.vod_play_list",
  "play_state": "data.vod_remarks",
  "name_tag": "from",
  "play_list": "url",
  "play_api": "player_info.parse2",
  "play_api2": "player_info.parse",
  "extra_api": "http://1.117.152.239:39000/?url=",
  "exceptstring": "update",
  "isActive": true,
  "isClass": true,
  "class_href":"https://300ys.xyz/mogai_api.php/v1.vod?type=FIRST&by=SECOND&limit=18&page=PAGE",
  "class_first":"电视剧***39&&&电影***38&&&动漫***40&&&综艺***41",
  "class_second":"最新***time&&&人气***hits&&&评分***score",
  "class_range":"data.list",
  "class_list_name": "vod_name",
  "class_list_href": "vod_id",
  "class_list_src": "vod_pic",
  "class_list_state": "vod_remarks"
},
{
  "name": "一二",
  "id": "APP",
  "search_url": "http://121.204.249.135:4433/ruifenglb_api.php/v1.vod/detail?vod_id=",
  "url": "http://121.204.249.135:4433/ruifenglb_api.php/v1.vod",
  "pic_url": "",
  "search_href": "http://121.204.249.135:4433/ruifenglb_api.php/v1.vod?wd=searchKey",
  "search_range": "data.list",
  "search_list_name": "vod_name",
  "search_list_href": "vod_id",
  "search_list_src": "vod_pic",
  "search_list_state": "vod_remarks",
  "play_range": "data.vod_play_list",
  "play_state": "data.vod_remarks",
  "name_tag": "from",
  "play_list": "url",
  "play_api": "player_info.parse2",
  "play_api2": "player_info.parse",
  "extra_api": "http://1.117.152.239:39000/?url=",
  "exceptstring": "umuuid",
  "isActive": true,
  "isClass": true,
  "class_href":"http://121.204.249.135:4433/ruifenglb_api.php/v1.vod?type=FIRST&by=SECOND&limit=18&page=PAGE",
  "class_first":"电视剧***2&&&电影***1&&&动漫***4&&&综艺***3",
  "class_second":"最新***time&&&人气***hits&&&评分***score",
  "class_range":"data.list",
  "class_list_name": "vod_name",
  "class_list_href": "vod_id",
  "class_list_src": "vod_pic",
  "class_list_state": "vod_remarks"
},
{
  "name": "三五",
  "id": "APP",
  "search_url": "http://35ys.cc/api.php/v1.vod/detail?vod_id=",
  "url": "http://35ys.cc/api.php/v1.vod",
  "pic_url": "",
  "search_href": "http://35ys.cc/api.php/v1.vod?wd=searchKey",
  "search_range": "data.list",
  "search_list_name": "vod_name",
  "search_list_href": "vod_id",
  "search_list_src": "vod_pic",
  "search_list_state": "vod_remarks",
  "play_range": "data.vod_play_list",
  "play_state": "data.vod_remarks",
  "name_tag": "from",
  "play_list": "url",
  "play_api": "player_info.parse",
  "play_api2": "player_info.parse2",
  "extra_api": "http://1.117.152.239:39000/?url=",
  "exceptstring": "umuuid",
  "isActive": true,
  "isClass": true,
  "class_href":"http://35ys.cc/api.php/v1.vod?type=FIRST&by=SECOND&limit=18&page=PAGE",
  "class_first":"电视剧***2&&&电影***1&&&动漫***4&&&综艺***3",
  "class_second":"最新***time&&&人气***hits&&&评分***score",
  "class_range":"data.list",
  "class_list_name": "vod_name",
  "class_list_href": "vod_id",
  "class_list_src": "vod_pic",
  "class_list_state": "vod_remarks"
},
{
  "name": "爱酷",
  "id": "APP",
  "search_url": "https://www.zhanlangbu.com/ruifenglb_api.php/v1.vod/detail?vod_id=",
  "url": "https://www.zhanlangbu.com/ruifenglb_api.php/v1.vod",
  "pic_url": "",
  "search_href": "https://www.zhanlangbu.com/ruifenglb_api.php/v1.vod?wd=searchKey",
  "search_range": "data.list",
  "search_list_name": "vod_name",
  "search_list_href": "vod_id",
  "search_list_src": "vod_pic",
  "search_list_state": "vod_remarks",
  "play_range": "data.vod_play_list",
  "play_state": "data.vod_remarks",
  "name_tag": "from",
  "play_list": "url",
  "play_api": "player_info.parse",
  "play_api2": "player_info.parse2",
  "extra_api": "http://1.117.152.239:39000/?url=",
  "exceptstring": "umuuid",
  "isActive": true,
  "isClass": true,
  "class_href":"https://www.zhanlangbu.com/ruifenglb_api.php/v1.vod?type=FIRST&by=SECOND&limit=18&page=PAGE",
  "class_first":"电视剧***2&&&电影***1&&&动漫***4&&&综艺***3",
  "class_second":"最新***time&&&人气***hits&&&评分***score",
  "class_range":"data.list",
  "class_list_name": "vod_name",
  "class_list_href": "vod_id",
  "class_list_src": "vod_pic",
  "class_list_state": "vod_remarks"
},
{
  "name": "HG",
  "id": "APP",
  "search_url": "http://hgyx.vip/api.php/v1.vod/detail?vod_id=",
  "url": "http://hgyx.vip/api.php/v1.vod",
  "pic_url": "",
  "search_href": "http://hgyx.vip/api.php/v1.vod?wd=searchKey",
  "search_range": "data.list",
  "search_list_name": "vod_name",
  "search_list_href": "vod_id",
  "search_list_src": "vod_pic",
  "search_list_state": "vod_remarks",
  "play_range": "data.vod_play_list",
  "play_state": "data.vod_remarks",
  "name_tag": "from",
  "play_list": "url",
  "play_api": "player_info.parse",
  "play_api2": "player_info.parse2",
  "extra_api": "http://1.117.152.239:39000/?url=",
  "exceptstring": "umuuid",
  "isActive": true,
  "isClass": true,
  "class_href":"http://hgyx.vip/api.php/v1.vod?type=FIRST&by=SECOND&limit=18&page=PAGE",
  "class_first":"电视剧***2&&&电影***1&&&动漫***4&&&综艺***3",
  "class_second":"最新***time&&&人气***hits&&&评分***score",
  "class_range":"data.list",
  "class_list_name": "vod_name",
  "class_list_href": "vod_id",
  "class_list_src": "vod_pic",
  "class_list_state": "vod_remarks"
},
{
  "name": "超人",
  "id": "APP",
  "search_url": "http://chaorenbb.com/api.php/v1.vod/detail?vod_id=",
  "url": "http://chaorenbb.com/api.php/v1.vod",
  "pic_url": "",
  "search_href": "http://chaorenbb.com/api.php/v1.vod?wd=searchKey",
  "search_range": "data.list",
  "search_list_name": "vod_name",
  "search_list_href": "vod_id",
  "search_list_src": "vod_pic",
  "search_list_state": "vod_remarks",
  "play_range": "data.vod_play_list",
  "play_state": "data.vod_remarks",
  "name_tag": "from",
  "play_list": "url",
  "play_api": "player_info.parse",
  "play_api2": "player_info.parse2",
  "extra_api": "http://1.117.152.239:39000/?url=",
  "exceptstring": "umuuid",
  "isActive": true,
  "isClass": true,
  "class_href":"http://chaorenbb.com/api.php/v1.vod?type=FIRST&by=SECOND&limit=18&page=PAGE",
  "class_first":"电视剧***2&&&电影***1&&&动漫***4&&&综艺***3",
  "class_second":"最新***time&&&人气***hits&&&评分***score",
  "class_range":"data.list",
  "class_list_name": "vod_name",
  "class_list_href": "vod_id",
  "class_list_src": "vod_pic",
  "class_list_state": "vod_remarks"
},
{
  "name": "追剧吧",
  "id": "APP",
  "search_url": "http://zhuiju8.vip/api.php/v1.vod/detail?vod_id=",
  "url": "http://zhuiju8.vip/api.php/v1.vod",
  "pic_url": "",
  "search_href": "http://zhuiju8.vip/api.php/v1.vod?wd=searchKey",
  "search_range": "data.list",
  "search_list_name": "vod_name",
  "search_list_href": "vod_id",
  "search_list_src": "vod_pic",
  "search_list_state": "vod_remarks",
  "play_range": "data.vod_play_list",
  "play_state": "data.vod_remarks",
  "name_tag": "from",
  "play_list": "url",
  "play_api": "player_info.parse",
  "play_api2": "player_info.parse2",
  "extra_api": "http://1.117.152.239:39000/?url=",
  "exceptstring": "umuuid",
  "isActive": true,
  "isClass": true,
  "class_href":"http://zhuiju8.vip/api.php/v1.vod?type=FIRST&by=SECOND&limit=18&page=PAGE",
  "class_first":"电视剧***2&&&电影***1&&&动漫***4&&&综艺***3",
  "class_second":"最新***time&&&人气***hits&&&评分***score",
  "class_range":"data.list",
  "class_list_name": "vod_name",
  "class_list_href": "vod_id",
  "class_list_src": "vod_pic",
  "class_list_state": "vod_remarks"
},
{ "name": "虫虫",
  "id": "APP",
  "search_url": "http://ccxg.xazhutu.com/xgapp.php/v1/video_detail?id=",
  "url": "http://ccxg.xazhutu.com/xgapp.php/v1/",
  "pic_url": "",
  "search_href": "http://ccxg.xazhutu.com/xgapp.php/v1//search?pg=1&text=searchKey",
  "search_range": "data",
  "search_list_name": "vod_name",
  "search_list_href": "vod_id",
  "search_list_src": "vod_pic",
  "search_list_state": "vod_remarks",
  "play_range": "data.vod_info.vod_url_with_player",
  "play_state": "data.vod_info.vod_remarks",
  "name_tag": "name",
  "play_list": "url",
  "play_api": "parse_api",
  "extra_api": "",
  "exceptstring": "php",
  "isActive": true
},
{
  "name": "苹果",
  "id": "APP",
  "search_url": "http://www.aiyy.tv/xgapp.php/v1/video_detail?id=",
  "url": "http://www.aiyy.tv/xgapp.php/v1/",
  "pic_url": "",
  "search_href": "http://www.aiyy.tv/xgapp.php/v1//search?pg=1&text=searchKey",
  "search_range": "data",
  "search_list_name": "vod_name",
  "search_list_href": "vod_id",
  "search_list_src": "vod_pic",
  "search_list_state": "vod_remarks",
  "play_range": "data.vod_info.vod_url_with_player",
  "play_state": "data.vod_info.vod_remarks",
  "name_tag": "name",
  "play_list": "url",
  "play_api": "parse_api",
  "extra_api": "",
  "exceptstring": "",
  "isActive": true
},
{
  "name": "雪人",
  "id": "APP",
  "search_url": "http://qqtvapp.com/xgapp.php/v1/video_detail?id=",
  "url": "http://qqtvapp.com/xgapp.php/v1/",
  "pic_url": "",
  "search_href": "http://qqtvapp.com/xgapp.php/v1//search?pg=1&text=searchKey",
  "search_range": "data",
  "search_list_name": "vod_name",
  "search_list_href": "vod_id",
  "search_list_src": "vod_pic",
  "search_list_state": "vod_remarks",
  "play_range": "data.vod_info.vod_url_with_player",
  "play_state": "data.vod_info.vod_remarks",
  "name_tag": "name",
  "play_list": "url",
  "play_api": "parse_api",
  "extra_api": "",
  "exceptstring": "",
  "isActive": true
},
{
  "name": "天微",
  "id": "XT",
  "search_url": "http://www.tvyb02.com/vod/detail/id/",
  "url": "http://www.tvyb02.com",
  "pic_url": "",
  "search_href": "http://www.tvyb02.com/index.php/ajax/suggest?mid=1&wd=searchKey",
  "search_range": "code([\\s\\S]*?)url",
  "search_list_name": "name\":\"([\\s\\S]*?)\"",
  "search_list_href": "id\":([\\s\\S]*?),",
  "search_list_src": "pic\":\"([\\s\\S]*?)\"",
  "search_list_state": "<span class=\"pic-text\">([\\s\\S]*?)</span>",
  "play_range": "当前位置([\\s\\S]*?)猜你喜欢",
  "play_state": "更新：</span><span class=\"text-red\">([\\s\\S]*?)</span></p>",
  "name_tag_list": "剧情简介([\\s\\S]*?)下载地址",
  "name_tag": "<h3 class=\"title\">([\\s\\S]*?)</h3>",
  "play_list": "myui-content__list scrollbar sort-list clearfix([\\s\\S]*?)</ul>",
  "play_list_name": "<a class=\"btn btn-default\" href=\".*?\">([\\s\\S]*?)</a></li>",
  "play_list_href": "<a class=\"btn btn-default\" href=\"([\\s\\S]*?)\">[\\s\\S]*?</a></li>",
  "exceptstring":"php",
  "isActive":true
},
{
  "name": "欧巴",
  "id": "XT",
  "search_url": "https://555dy.fun/voddetail/",
  "url": "https://555dy.fun",
  "pic_url": "",
  "search_href": "https://555dy.fun/index.php/ajax/suggest?mid=1&wd=searchKey",
  "search_range": "code([\\s\\S]*?)url",
  "search_list_name": "name\":\"([\\s\\S]*?)\"",
  "search_list_href": "id\":([\\s\\S]*?),",
  "search_list_src": "pic\":\"([\\s\\S]*?)\"",
  "search_list_state": "<span class=\"pic-text\">([\\s\\S]*?)</span>",
  "play_range": "当前位置([\\s\\S]*?)猜你喜欢",
  "play_state": "更新：</span><span class=\"text-red\">([\\s\\S]*?)</span></p>",
  "name_tag_list": "播放地址([\\s\\S]*?)addClass",
  "name_tag": "data-toggle=\"tab\">([\\s\\S]*?)</a></li>",
  "play_list": "myui-content__list scrollbar sort-list clearfix([\\s\\S]*?)</ul>",
  "play_list_name": "<a class=\"btn btn-default\" href=\".*?\">([\\s\\S]*?)</a></li>",
  "play_list_href": "<a class=\"btn btn-default\" href=\"([\\s\\S]*?)\">[\\s\\S]*?</a></li>",
  "exceptstring":"manduhu",
  "isActive":true
},
{
  "name": "团团",
  "id": "XT",
  "url": "https://fantuan.tv",
  "search_url": "https://fantuan.tv",
  "pic_url": "",
  "search_href": "https://fantuan.tv/vodsearch.html?wd=searchKey&submit=",
  "search_range": "相关的搜索结果([\\s\\S]*?)翻页",
  "search_list_name": "lazyload\" href=\".*?\" title=\"([\\s\\S]*?)\" data-original=\".*?\"",
  "search_list_href": "lazyload\" href=\"([\\s\\S]*?)\" title=\".*?\" data-original=\".*?\"",
  "search_list_src": "lazyload\" href=\".*?\" title=\".*?\" data-original=\"([\\s\\S]*?)\"",
  "search_list_state": "<span class=\"pic-text text-right\">([\\s\\S]*?)</span>",
  "play_range": "当前位置([\\s\\S]*?)猜你喜欢",
  "play_state": "更新：</span><span class=\"text-red\">([\\s\\S]*?)</span></p>",
  "name_tag_list": "播放地址([\\s\\S]*?)播放地址",
  "name_tag": "data-toggle=\"tab\">([\\s\\S]*?)</a></li>",
  "play_list": "<div class=\"tab-content myui-panel_bd\">([\\s\\S]*?)</ul>",
  "play_list_name": "<a class=\"btn btn-default\" href=\".*?\">([\\s\\S]*?)</a></li>",
  "play_list_href": "<a class=\"btn btn-default\" href=\"([\\s\\S]*?)\">.*?</a></li>",
  "exceptstring":"",
  "isActive":true
},
{
  "name": "快源",
  "id": "XT",
  "url": "https://www.1080mi.com",
  "search_url": "https://www.1080mi.com",
  "pic_url": "",
  "search_href": "https://www.1080mi.com/v_search/-------------.html?wd=searchKey",
  "search_range": "有关的([\\s\\S]*?)切换深色外观",
  "search_list_name": "<a href=\".*?\"><strong>([\\s\\S]*?)</strong></a>",
  "search_list_href": "<a href=\"(.*?)\"><strong>.*?</strong></a>",
  "search_list_src": "<img class=\"lazy lazyload\" data-original=\"([\\s\\S]*?)\" alt=",
  "search_list_state": "<div class=\"module-item-note\">([\\s\\S]*?)</div>",
  "play_range": "<div class=\"module module-info\">([\\s\\S]*?)猜你喜欢",
  "play_state": "连载[\\s\\S]*?<div class=\"module-info-item-content\">([\\s\\S]*?)</div>",
  "name_tag_list": "选择播放源([\\s\\S]*?)<div class=\"shortcuts-mobile-overlay\"></div>",
  "name_tag": "data-dropdown-value=\"([\\s\\S]*?)\">",
  "play_list": "<div class=\"module-play-list\">([\\s\\S]*?)</div>",
  "play_list_name": "<span>([\\s\\S]*?)</span>",
  "play_list_href": "href=\"([\\s\\S]*?)\" title=",
  "exceptstring":"video-pic",
  "isActive":true
},
{
  "name": "高清",
  "id": "XT",
  "url": "http://www.98kkm.com",
  "search_url": "http://www.98kkm.com",
  "pic_url": "",
  "search_href": "http://www.98kkm.com/search.php?page=1&searchword=searchKey&searchtype=",
  "search_range": "相关的影片([\\s\\S]*?)</ul>",
  "search_list_name": "lazyload\" href=\".*?\" title=\"([\\s\\S]*?)\" data-original=\".*?\"",
  "search_list_href": "lazyload\" href=\"([\\s\\S]*?)\" title=\".*?\" data-original=\".*?\"",
  "search_list_src": "lazyload\" href=\".*?\" title=\".*?\" data-original=\"([\\s\\S]*?)\"",
  "search_list_state": "<span class=\"pic-text text-right\">([\\s\\S]*?)</span>",
  "play_range": "<div class=\"stui-content__thumb\">([\\s\\S]*?)剧情",
  "play_state": "<span class=\"pic-text text-right\">([\\s\\S]*?)</span>",
  "name_tag_list": "不能观看([\\s\\S]*?)<ul",
  "name_tag": "<img src=\".*?\">([\\s\\S]*?)</h3>",
  "play_list": "<ul class([\\s\\S]*?)</ul>",
  "play_list_name": "<li><a title='([\\s\\S]*?)' href='.*?' target=",
  "play_list_href": "<li><a title='.*?' href='([\\s\\S]*?)' target=",
  "exceptstring":"",
  "isActive":true,
  "isClass":true,
  "class_href":"https://www.98kkm.com/search.php?page=PAGE&searchtype=5&order=SECOND&tid=FIRST",
  "class_first":"电视剧***2&&&电影***1&&&动漫***4&&&综艺***3",
  "class_second":"最新***time&&&人气***hit&&&推荐***commend",
  "class_range":"<ul class=\"stui-vodlist clearfix\">([\\s\\S]*?)</ul>",
  "class_list_name": "lazyload\" href=\".*?\" title=\"([\\s\\S]*?)\" data-original=\".*?\"",
  "class_list_href": "lazyload\" href=\"([\\s\\S]*?)\" title=\".*?\" data-original=\".*?\"",
  "class_list_src": "lazyload\" href=\".*?\" title=\".*?\" data-original=\"([\\s\\S]*?)\"",
  "class_list_state": "<span class=\"pic-text text-right\">([\\s\\S]*?)</span>"
},
{
  "name": "极速",
  "id": "XT",
  "search_url": "http://www.jpys.me/voddetail/",
  "url": "http://www.jpys.me",
  "pic_url": "",
  "search_href": "http://www.jpys.me/index.php/ajax/suggest?mid=1&wd=searchKey&limit=20",
  "search_range": "code([\\s\\S]*?)url",
  "search_list_name": "name\":\"([\\s\\S]*?)\"",
  "search_list_href": "id\":([\\s\\S]*?),",
  "search_list_src": "pic\":\"([\\s\\S]*?)\"",
  "search_list_state": "<span class=\"pic-text\">([\\s\\S]*?)</span>",
  "play_range": "扫一扫用手机观看([\\s\\S]*?)猜你喜欢",
  "play_state": "更新：</span><span class=\"text-red\">([\\s\\S]*?)</span></p>",
  "name_tag_list": "播放地址([\\s\\S]*?)addClass",
  "name_tag": "data-toggle=\"tab\">([\\s\\S]*?)</a></li>",
  "play_list": "myui-content__list scrollbar sort-list clearfix([\\s\\S]*?)</ul>",
  "play_list_name": "<a class=\"btn btn-default\" href=\".*?\">([\\s\\S]*?)</a></li>",
  "play_list_href": "<a class=\"btn btn-default\" href=\"([\\s\\S]*?)\">[\\s\\S]*?</a></li>",
  "exceptstring":"jpys",
  "isActive":true
},
{
  "name": "TVB",
  "id": "XT",
  "search_url": "http://www.tvyb02.com/vod/detail/id/",
  "url": "http://www.tvyb02.com",
  "pic_url": "",
  "search_href": "http://www.tvyb02.com/index.php/ajax/suggest?mid=1&wd=searchKey",
  "search_range": "code([\\s\\S]*?)url",
  "search_list_name": "name\":\"([\\s\\S]*?)\"",
  "search_list_href": "id\":([\\s\\S]*?),",
  "search_list_src": "pic\":\"([\\s\\S]*?)\"",
  "search_list_state": "<span class=\"pic-text\">([\\s\\S]*?)</span>",
  "play_range": "扫一扫用手机观看([\\s\\S]*?)猜你喜欢",
  "play_state": "更新：</span><span class=\"text-red\">([\\s\\S]*?)</span></p>",
  "name_tag_list": "剧情简介-->([\\s\\S]*?)播放地址-->",
  "name_tag": "<h3 class=\"title\">([\\s\\S]*?)</h3>",
  "play_list": "myui-content__list scrollbar sort-list clearfix([\\s\\S]*?)</ul>",
  "play_list_name": "<a class=\"btn btn-default\" href=\".*?\">([\\s\\S]*?)</a></li>",
  "play_list_href": "<a class=\"btn btn-default\" href=\"([\\s\\S]*?)\">[\\s\\S]*?</a></li>",
  "exceptstring":"jpys",
  "isActive":true
}
]